model_key,model_name,group,kind,deterministic,system,seed,cfg_system,cfg_n_points,cfg_seed,cfg_scaler,cfg_scaler_scope,cfg_split_fracs,cfg_washout,cfg_horizon,cfg_lookback,cfg_stride,cfg_windowing,cfg_alpha,cfg_encode_scale,status,n_features,n_params,feature_rank,n_train,n_test,nrmse,rmse,mae,mse,r2,smape,max_error
ar,AR,statistical,linear autoregression,True,henon,0,henon,1500,0,minmax,train,"(0.6, 0.2, 0.2)",100,1,1,1,internal,1e-06,1.0,ok,2,4.0,,800,299,0.947145170134467,0.2746171936399244,0.2339201389995384,0.07541460304266773,0.10291602669095146,47.40471436100434,0.6896418815915341
ar,AR,statistical,linear autoregression,True,henon,1,henon,1500,1,minmax,train,"(0.6, 0.2, 0.2)",100,1,1,1,internal,1e-06,1.0,ok,2,4.0,,800,299,0.947145170134467,0.2746171936399244,0.2339201389995384,0.07541460304266773,0.10291602669095146,47.40471436100434,0.6896418815915341
ar,AR,statistical,linear autoregression,True,henon,2,henon,1500,2,minmax,train,"(0.6, 0.2, 0.2)",100,1,1,1,internal,1e-06,1.0,ok,2,4.0,,800,299,0.947145170134467,0.2746171936399244,0.2339201389995384,0.07541460304266773,0.10291602669095146,47.40471436100434,0.6896418815915341
ar,AR,statistical,linear autoregression,True,henon,3,henon,1500,3,minmax,train,"(0.6, 0.2, 0.2)",100,1,1,1,internal,1e-06,1.0,ok,2,4.0,,800,299,0.947145170134467,0.2746171936399244,0.2339201389995384,0.07541460304266773,0.10291602669095146,47.40471436100434,0.6896418815915341
ar,AR,statistical,linear autoregression,True,henon,4,henon,1500,4,minmax,train,"(0.6, 0.2, 0.2)",100,1,1,1,internal,1e-06,1.0,ok,2,4.0,,800,299,0.947145170134467,0.2746171936399244,0.2339201389995384,0.07541460304266773,0.10291602669095146,47.40471436100434,0.6896418815915341
ar,AR,statistical,linear autoregression,True,lorenz,0,lorenz,1500,0,minmax,train,"(0.6, 0.2, 0.2)",100,1,1,1,internal,1e-06,1.0,ok,2,4.0,,800,299,0.14343001701483463,0.030771278258851956,0.025951897502848317,0.0009468715656836952,0.9794278302191243,11.65832111764863,0.09946476220803863
ar,AR,statistical,linear autoregression,True,lorenz,1,lorenz,1500,1,minmax,train,"(0.6, 0.2, 0.2)",100,1,1,1,internal,1e-06,1.0,ok,2,4.0,,800,299,0.14343001701483463,0.030771278258851956,0.025951897502848317,0.0009468715656836952,0.9794278302191243,11.65832111764863,0.09946476220803863
ar,AR,statistical,linear autoregression,True,lorenz,2,lorenz,1500,2,minmax,train,"(0.6, 0.2, 0.2)",100,1,1,1,internal,1e-06,1.0,ok,2,4.0,,800,299,0.14343001701483463,0.030771278258851956,0.025951897502848317,0.0009468715656836952,0.9794278302191243,11.65832111764863,0.09946476220803863
ar,AR,statistical,linear autoregression,True,lorenz,3,lorenz,1500,3,minmax,train,"(0.6, 0.2, 0.2)",100,1,1,1,internal,1e-06,1.0,ok,2,4.0,,800,299,0.14343001701483463,0.030771278258851956,0.025951897502848317,0.0009468715656836952,0.9794278302191243,11.65832111764863,0.09946476220803863
ar,AR,statistical,linear autoregression,True,lorenz,4,lorenz,1500,4,minmax,train,"(0.6, 0.2, 0.2)",100,1,1,1,internal,1e-06,1.0,ok,2,4.0,,800,299,0.14343001701483463,0.030771278258851956,0.025951897502848317,0.0009468715656836952,0.9794278302191243,11.65832111764863,0.09946476220803863
ar,AR,statistical,linear autoregression,True,mackeyglass,0,mackeyglass,1500,0,minmax,train,"(0.6, 0.2, 0.2)",100,1,1,1,internal,1e-06,1.0,ok,2,4.0,,800,299,0.02792510764727885,0.006490223041418205,0.005407616710763649,4.212299512735577e-05,0.9992201883628878,1.3987942318365592,0.014194013468114108
ar,AR,statistical,linear autoregression,True,mackeyglass,1,mackeyglass,1500,1,minmax,train,"(0.6, 0.2, 0.2)",100,1,1,1,internal,1e-06,1.0,ok,2,4.0,,800,299,0.02792510764727885,0.006490223041418205,0.005407616710763649,4.212299512735577e-05,0.9992201883628878,1.3987942318365592,0.014194013468114108
ar,AR,statistical,linear autoregression,True,mackeyglass,2,mackeyglass,1500,2,minmax,train,"(0.6, 0.2, 0.2)",100,1,1,1,internal,1e-06,1.0,ok,2,4.0,,800,299,0.02792510764727885,0.006490223041418205,0.005407616710763649,4.212299512735577e-05,0.9992201883628878,1.3987942318365592,0.014194013468114108
ar,AR,statistical,linear autoregression,True,mackeyglass,3,mackeyglass,1500,3,minmax,train,"(0.6, 0.2, 0.2)",100,1,1,1,internal,1e-06,1.0,ok,2,4.0,,800,299,0.02792510764727885,0.006490223041418205,0.005407616710763649,4.212299512735577e-05,0.9992201883628878,1.3987942318365592,0.014194013468114108
ar,AR,statistical,linear autoregression,True,mackeyglass,4,mackeyglass,1500,4,minmax,train,"(0.6, 0.2, 0.2)",100,1,1,1,internal,1e-06,1.0,ok,2,4.0,,800,299,0.02792510764727885,0.006490223041418205,0.005407616710763649,4.212299512735577e-05,0.9992201883628878,1.3987942318365592,0.014194013468114108
arima,ARIMA,statistical,ARIMA,True,henon,0,henon,1500,0,minmax,train,"(0.6, 0.2, 0.2)",100,1,1,1,internal,1e-06,1.0,ok,2,5.0,,800,299,0.9286426685097443,0.26925254075278765,0.22564508260284286,0.07249693070183158,0.13762279422310097,46.15418626293441,0.6891067090373096
arima,ARIMA,statistical,ARIMA,True,henon,1,henon,1500,1,minmax,train,"(0.6, 0.2, 0.2)",100,1,1,1,internal,1e-06,1.0,ok,2,5.0,,800,299,0.9286426685097443,0.26925254075278765,0.22564508260284286,0.07249693070183158,0.13762279422310097,46.15418626293441,0.6891067090373096
arima,ARIMA,statistical,ARIMA,True,henon,2,henon,1500,2,minmax,train,"(0.6, 0.2, 0.2)",100,1,1,1,internal,1e-06,1.0,ok,2,5.0,,800,299,0.9286426685097443,0.26925254075278765,0.22564508260284286,0.07249693070183158,0.13762279422310097,46.15418626293441,0.6891067090373096
arima,ARIMA,statistical,ARIMA,True,henon,3,henon,1500,3,minmax,train,"(0.6, 0.2, 0.2)",100,1,1,1,internal,1e-06,1.0,ok,2,5.0,,800,299,0.9286426685097443,0.26925254075278765,0.22564508260284286,0.07249693070183158,0.13762279422310097,46.15418626293441,0.6891067090373096
arima,ARIMA,statistical,ARIMA,True,henon,4,henon,1500,4,minmax,train,"(0.6, 0.2, 0.2)",100,1,1,1,internal,1e-06,1.0,ok,2,5.0,,800,299,0.9286426685097443,0.26925254075278765,0.22564508260284286,0.07249693070183158,0.13762279422310097,46.15418626293441,0.6891067090373096
arima,ARIMA,statistical,ARIMA,True,lorenz,0,lorenz,1500,0,minmax,train,"(0.6, 0.2, 0.2)",100,1,1,1,internal,1e-06,1.0,ok,2,5.0,,800,299,0.07985572448711305,0.017132137120927933,0.014104101459372756,0.0002935101223302769,0.9936230632666383,7.300249078625056,0.05879624630151459
arima,ARIMA,statistical,ARIMA,True,lorenz,1,lorenz,1500,1,minmax,train,"(0.6, 0.2, 0.2)",100,1,1,1,internal,1e-06,1.0,ok,2,5.0,,800,299,0.07985572448711305,0.017132137120927933,0.014104101459372756,0.0002935101223302769,0.9936230632666383,7.300249078625056,0.05879624630151459
arima,ARIMA,statistical,ARIMA,True,lorenz,2,lorenz,1500,2,minmax,train,"(0.6, 0.2, 0.2)",100,1,1,1,internal,1e-06,1.0,ok,2,5.0,,800,299,0.07985572448711305,0.017132137120927933,0.014104101459372756,0.0002935101223302769,0.9936230632666383,7.300249078625056,0.05879624630151459
arima,ARIMA,statistical,ARIMA,True,lorenz,3,lorenz,1500,3,minmax,train,"(0.6, 0.2, 0.2)",100,1,1,1,internal,1e-06,1.0,ok,2,5.0,,800,299,0.07985572448711305,0.017132137120927933,0.014104101459372756,0.0002935101223302769,0.9936230632666383,7.300249078625056,0.05879624630151459
arima,ARIMA,statistical,ARIMA,True,lorenz,4,lorenz,1500,4,minmax,train,"(0.6, 0.2, 0.2)",100,1,1,1,internal,1e-06,1.0,ok,2,5.0,,800,299,0.07985572448711305,0.017132137120927933,0.014104101459372756,0.0002935101223302769,0.9936230632666383,7.300249078625056,0.05879624630151459
arima,ARIMA,statistical,ARIMA,True,mackeyglass,0,mackeyglass,1500,0,minmax,train,"(0.6, 0.2, 0.2)",100,1,1,1,internal,1e-06,1.0,ok,2,5.0,,800,299,0.015043363816074651,0.0034963083291476072,0.0028583743946683717,1.2224171932466933e-05,0.9997736972050972,0.7873197849809043,0.007897352086353338
arima,ARIMA,statistical,ARIMA,True,mackeyglass,1,mackeyglass,1500,1,minmax,train,"(0.6, 0.2, 0.2)",100,1,1,1,internal,1e-06,1.0,ok,2,5.0,,800,299,0.015043363816074651,0.0034963083291476072,0.0028583743946683717,1.2224171932466933e-05,0.9997736972050972,0.7873197849809043,0.007897352086353338
arima,ARIMA,statistical,ARIMA,True,mackeyglass,2,mackeyglass,1500,2,minmax,train,"(0.6, 0.2, 0.2)",100,1,1,1,internal,1e-06,1.0,ok,2,5.0,,800,299,0.015043363816074651,0.0034963083291476072,0.0028583743946683717,1.2224171932466933e-05,0.9997736972050972,0.7873197849809043,0.007897352086353338
arima,ARIMA,statistical,ARIMA,True,mackeyglass,3,mackeyglass,1500,3,minmax,train,"(0.6, 0.2, 0.2)",100,1,1,1,internal,1e-06,1.0,ok,2,5.0,,800,299,0.015043363816074651,0.0034963083291476072,0.0028583743946683717,1.2224171932466933e-05,0.9997736972050972,0.7873197849809043,0.007897352086353338
arima,ARIMA,statistical,ARIMA,True,mackeyglass,4,mackeyglass,1500,4,minmax,train,"(0.6, 0.2, 0.2)",100,1,1,1,internal,1e-06,1.0,ok,2,5.0,,800,299,0.015043363816074651,0.0034963083291476072,0.0028583743946683717,1.2224171932466933e-05,0.9997736972050972,0.7873197849809043,0.007897352086353338
cnn,1D-CNN/TCN,dl,torch sequence network on lag windows,False,henon,0,henon,1500,0,minmax,train,"(0.6, 0.2, 0.2)",100,1,8,1,internal,1e-06,1.0,ok,8,12673.0,,640,299,0.19528932175030536,0.05662258244879107,0.04686192971462124,0.0032061168431701424,0.9618620808103057,16.36587600578708,0.1730960426547229
cnn,1D-CNN/TCN,dl,torch sequence network on lag windows,False,henon,1,henon,1500,1,minmax,train,"(0.6, 0.2, 0.2)",100,1,8,1,internal,1e-06,1.0,ok,8,12673.0,,640,299,0.11518389445172579,0.03339665221790599,0.0266182129863556,0.001115336379363765,0.9867326704589336,12.628629523416752,0.09469434452338729
cnn,1D-CNN/TCN,dl,torch sequence network on lag windows,False,henon,2,henon,1500,2,minmax,train,"(0.6, 0.2, 0.2)",100,1,8,1,internal,1e-06,1.0,ok,8,12673.0,,640,299,0.16535875092330538,0.04794445197446811,0.03769631251142532,0.0022986704751320787,0.9726564834930842,14.024200283108565,0.1751731751181781
cnn,1D-CNN/TCN,dl,torch sequence network on lag windows,False,henon,3,henon,1500,3,minmax,train,"(0.6, 0.2, 0.2)",100,1,8,1,internal,1e-06,1.0,ok,8,12673.0,,640,299,0.44803081280283624,0.1299029635115613,0.10483598263133646,0.016874779929086026,0.79926839077923,28.910995898606235,0.3668695705154613
cnn,1D-CNN/TCN,dl,torch sequence network on lag windows,False,henon,4,henon,1500,4,minmax,train,"(0.6, 0.2, 0.2)",100,1,8,1,internal,1e-06,1.0,ok,8,12673.0,,640,299,0.27001754165087805,0.07828943424922727,0.06313641729786096,0.00612923551506408,0.9270905272008163,19.26989713122099,0.25413991191169616
cnn,1D-CNN/TCN,dl,torch sequence network on lag windows,False,lorenz,0,lorenz,1500,0,minmax,train,"(0.6, 0.2, 0.2)",100,1,8,1,internal,1e-06,1.0,ok,8,12673.0,,640,299,0.10035887464733258,0.02153085471083024,0.015785481293304662,0.00046357770457888076,0.9899280962795209,7.1517699214316455,0.07977342830377765
cnn,1D-CNN/TCN,dl,torch sequence network on lag windows,False,lorenz,1,lorenz,1500,1,minmax,train,"(0.6, 0.2, 0.2)",100,1,8,1,internal,1e-06,1.0,ok,8,12673.0,,640,299,0.14378736452533336,0.030847943101466643,0.02262366192714167,0.0009515955935913234,0.9793251938028589,8.849171412941844,0.10145449097771282
cnn,1D-CNN/TCN,dl,torch sequence network on lag windows,False,lorenz,2,lorenz,1500,2,minmax,train,"(0.6, 0.2, 0.2)",100,1,8,1,internal,1e-06,1.0,ok,8,12673.0,,640,299,0.08655925025234912,0.01857030230371619,0.013650341683753274,0.00034485612765140685,0.9925074961957512,6.587145404382483,0.06896295429315813
cnn,1D-CNN/TCN,dl,torch sequence network on lag windows,False,lorenz,3,lorenz,1500,3,minmax,train,"(0.6, 0.2, 0.2)",100,1,8,1,internal,1e-06,1.0,ok,8,12673.0,,640,299,0.16369598453255388,0.03511911101137889,0.02616789989906727,0.0012333519582295542,0.9732036246479179,9.857739268589773,0.12940596074905641
cnn,1D-CNN/TCN,dl,torch sequence network on lag windows,False,lorenz,4,lorenz,1500,4,minmax,train,"(0.6, 0.2, 0.2)",100,1,8,1,internal,1e-06,1.0,ok,8,12673.0,,640,299,0.1347871409732658,0.02891704753945957,0.021257974838545163,0.0008361956383993646,0.981832426628253,8.701369857174237,0.10321787030544527
cnn,1D-CNN/TCN,dl,torch sequence network on lag windows,False,mackeyglass,0,mackeyglass,1500,0,minmax,train,"(0.6, 0.2, 0.2)",100,1,8,1,internal,1e-06,1.0,ok,8,12673.0,,640,299,0.1169621129832569,0.027183787802904473,0.022914582669862012,0.000738958319313338,0.9863198641264919,5.656783760077025,0.06663478899680142
cnn,1D-CNN/TCN,dl,torch sequence network on lag windows,False,mackeyglass,1,mackeyglass,1500,1,minmax,train,"(0.6, 0.2, 0.2)",100,1,8,1,internal,1e-06,1.0,ok,8,12673.0,,640,299,0.11588722318292188,0.026933966937852247,0.02275958397367835,0.0007254385750093181,0.9865701515029517,5.511824606845848,0.05604701538915602
cnn,1D-CNN/TCN,dl,torch sequence network on lag windows,False,mackeyglass,2,mackeyglass,1500,2,minmax,train,"(0.6, 0.2, 0.2)",100,1,8,1,internal,1e-06,1.0,ok,8,12673.0,,640,299,0.06203477049186897,0.014417831504927115,0.012057332905950017,0.00020787386530446889,0.9961516872500211,3.200953991251069,0.03506974852410638
cnn,1D-CNN/TCN,dl,torch sequence network on lag windows,False,mackeyglass,3,mackeyglass,1500,3,minmax,train,"(0.6, 0.2, 0.2)",100,1,8,1,internal,1e-06,1.0,ok,8,12673.0,,640,299,0.12031489257509566,0.027963025170029503,0.02346093404344677,0.0007819307766597036,0.9855243266246432,5.743415051839039,0.06239569855231991
cnn,1D-CNN/TCN,dl,torch sequence network on lag windows,False,mackeyglass,4,mackeyglass,1500,4,minmax,train,"(0.6, 0.2, 0.2)",100,1,8,1,internal,1e-06,1.0,ok,8,12673.0,,640,299,0.10741614127312274,0.02496515766086897,0.021064462527627968,0.0006232590970320445,0.9884617725939925,5.283868444383666,0.05288403530950514
elm,ELM,reservoir,random nonlinear projection + ridge,False,henon,0,henon,1500,0,minmax,train,"(0.6, 0.2, 0.2)",100,1,3,1,internal,1e-06,1.0,ok,300,301.0,129.0,799,299,0.00020786559673574334,6.026897315197614e-05,4.6523601416863734e-05,3.63234912479362e-09,0.9999999567918937,0.0944098574113125,0.00022211672018512818
elm,ELM,reservoir,random nonlinear projection + ridge,False,henon,1,henon,1500,1,minmax,train,"(0.6, 0.2, 0.2)",100,1,3,1,internal,1e-06,1.0,ok,300,301.0,132.0,799,299,0.00024470277376188363,7.094961905032301e-05,5.53055160663605e-05,5.033848443385957e-09,0.9999999401205525,0.12019183627415286,0.0002602801423201573
elm,ELM,reservoir,random nonlinear projection + ridge,False,henon,2,henon,1500,2,minmax,train,"(0.6, 0.2, 0.2)",100,1,3,1,internal,1e-06,1.0,ok,300,301.0,131.0,799,299,0.00023032356813966647,6.678048297777767e-05,5.027269662653455e-05,4.459632906745252e-09,0.999999946951054,0.10763163605786318,0.00030701351687933975
elm,ELM,reservoir,random nonlinear projection + ridge,False,henon,3,henon,1500,3,minmax,train,"(0.6, 0.2, 0.2)",100,1,3,1,internal,1e-06,1.0,ok,300,301.0,131.0,799,299,0.00021620666309908853,6.268739886842785e-05,4.7621600998314954e-05,3.929709976889368e-09,0.9999999532546788,0.09250710147839969,0.0002676070283496035
elm,ELM,reservoir,random nonlinear projection + ridge,False,henon,4,henon,1500,4,minmax,train,"(0.6, 0.2, 0.2)",100,1,3,1,internal,1e-06,1.0,ok,300,301.0,130.0,799,299,0.000212409478665899,6.158643550435593e-05,4.737076467970365e-05,3.792889038132192e-09,0.9999999548822134,0.10354170046429706,0.00023151960903300406
elm,ELM,reservoir,random nonlinear projection + ridge,False,lorenz,0,lorenz,1500,0,minmax,train,"(0.6, 0.2, 0.2)",100,1,3,1,internal,1e-06,1.0,ok,300,301.0,148.0,799,299,0.005834991261844637,0.001251830986937836,0.0009969260426138252,1.5670808198577566e-06,0.9999659528769742,0.6482577308172158,0.0034757599392031546
elm,ELM,reservoir,random nonlinear projection + ridge,False,lorenz,1,lorenz,1500,1,minmax,train,"(0.6, 0.2, 0.2)",100,1,3,1,internal,1e-06,1.0,ok,300,301.0,152.0,799,299,0.005858091824785405,0.001256786949887439,0.0010168001247395292,1.579513437407372e-06,0.9999656827601724,0.9655642672796444,0.0033638898618476853
elm,ELM,reservoir,random nonlinear projection + ridge,False,lorenz,2,lorenz,1500,2,minmax,train,"(0.6, 0.2, 0.2)",100,1,3,1,internal,1e-06,1.0,ok,300,301.0,149.0,799,299,0.00591766253180469,0.0012695671673057874,0.0010265249537483984,1.611800792300841e-06,0.9999649812701596,0.8042975683565358,0.0035072374486967706
elm,ELM,reservoir,random nonlinear projection + ridge,False,lorenz,3,lorenz,1500,3,minmax,train,"(0.6, 0.2, 0.2)",100,1,3,1,internal,1e-06,1.0,ok,300,301.0,147.0,799,299,0.006137156433096103,0.0013166570865104994,0.0010585239184047173,1.733585883458317e-06,0.9999623353109157,0.9397519084240318,0.0034892291171621237
elm,ELM,reservoir,random nonlinear projection + ridge,False,lorenz,4,lorenz,1500,4,minmax,train,"(0.6, 0.2, 0.2)",100,1,3,1,internal,1e-06,1.0,ok,300,301.0,148.0,799,299,0.0060510596760971,0.001298186006872218,0.0010368169050766983,1.6852869084388344e-06,0.9999633846767964,0.804257476285036,0.003760457375491133
elm,ELM,reservoir,random nonlinear projection + ridge,False,mackeyglass,0,mackeyglass,1500,0,minmax,train,"(0.6, 0.2, 0.2)",100,1,3,1,internal,1e-06,1.0,ok,300,301.0,149.0,799,299,0.008818182607645688,0.002049480799374904,0.0015352138208492507,4.200371547006397e-06,0.9999222396554982,0.3050265555538557,0.006407458588417958
elm,ELM,reservoir,random nonlinear projection + ridge,False,mackeyglass,1,mackeyglass,1500,1,minmax,train,"(0.6, 0.2, 0.2)",100,1,3,1,internal,1e-06,1.0,ok,300,301.0,151.0,799,299,0.008869001400696599,0.002061291865808814,0.0015460353664548856,4.248924156049581e-06,0.9999213408141544,0.3071975770353207,0.0063934503940046294
elm,ELM,reservoir,random nonlinear projection + ridge,False,mackeyglass,2,mackeyglass,1500,2,minmax,train,"(0.6, 0.2, 0.2)",100,1,3,1,internal,1e-06,1.0,ok,300,301.0,148.0,799,299,0.008863251939026128,0.0020599556027912896,0.0015517565769744195,4.2434170854712255e-06,0.9999214427650653,0.30793702980826887,0.006355468640476092
elm,ELM,reservoir,random nonlinear projection + ridge,False,mackeyglass,3,mackeyglass,1500,3,minmax,train,"(0.6, 0.2, 0.2)",100,1,3,1,internal,1e-06,1.0,ok,300,301.0,148.0,799,299,0.0088201954078894,0.0020499486050028905,0.0015373987909557097,4.2022892831532975e-06,0.9999222041529666,0.30368023723584353,0.0063658403539901265
elm,ELM,reservoir,random nonlinear projection + ridge,False,mackeyglass,4,mackeyglass,1500,4,minmax,train,"(0.6, 0.2, 0.2)",100,1,3,1,internal,1e-06,1.0,ok,300,301.0,147.0,799,299,0.008802587986238121,0.0020458563703320515,0.0015310494378802308,4.185528288028237e-06,0.9999225144447446,0.3034429454204418,0.006431950079371029
esn,ESN,reservoir,random recurrent reservoir + ridge readout,False,henon,0,henon,1500,0,minmax,train,"(0.6, 0.2, 0.2)",100,1,3,1,internal,1e-06,1.0,ok,300,301.0,300.0,799,299,0.009142857425584414,0.0026508986449326213,0.0020946926461167764,7.0272636257056065e-06,0.9999164081580955,2.045013519442518,0.01017997782167343
esn,ESN,reservoir,random recurrent reservoir + ridge readout,False,henon,1,henon,1500,1,minmax,train,"(0.6, 0.2, 0.2)",100,1,3,1,internal,1e-06,1.0,ok,300,301.0,300.0,799,299,0.00876289819209652,0.0025407324933349644,0.0020539530867196634,6.455321602688106e-06,0.999923211615275,1.450945740504172,0.007643328614414718
esn,ESN,reservoir,random recurrent reservoir + ridge readout,False,henon,2,henon,1500,2,minmax,train,"(0.6, 0.2, 0.2)",100,1,3,1,internal,1e-06,1.0,ok,300,301.0,300.0,799,299,0.008664016095330058,0.0025120624174358474,0.0020185112832072564,6.310457589093635e-06,0.9999249348250998,1.3623933302435436,0.007232893621450576
esn,ESN,reservoir,random recurrent reservoir + ridge readout,False,henon,3,henon,1500,3,minmax,train,"(0.6, 0.2, 0.2)",100,1,3,1,internal,1e-06,1.0,ok,300,301.0,300.0,799,299,0.00947816957138218,0.0027481197292773692,0.002219705798811983,7.55216204644352e-06,0.9999101643015761,2.211782853191707,0.009905975949686313
esn,ESN,reservoir,random recurrent reservoir + ridge readout,False,henon,4,henon,1500,4,minmax,train,"(0.6, 0.2, 0.2)",100,1,3,1,internal,1e-06,1.0,ok,300,301.0,300.0,799,299,0.00950036108751052,0.0027545539825195777,0.002192318287165034,7.587567642614467e-06,0.9999097431392069,2.037823639584626,0.008635970752078753
esn,ESN,reservoir,random recurrent reservoir + ridge readout,False,lorenz,0,lorenz,1500,0,minmax,train,"(0.6, 0.2, 0.2)",100,1,3,1,internal,1e-06,1.0,ok,300,301.0,300.0,799,299,0.04303863905809381,0.009233450332798356,0.007316126273709504,8.525660504825408e-05,0.9981476755480271,3.6723557761027994,0.02897708964100837
esn,ESN,reservoir,random recurrent reservoir + ridge readout,False,lorenz,1,lorenz,1500,1,minmax,train,"(0.6, 0.2, 0.2)",100,1,3,1,internal,1e-06,1.0,ok,300,301.0,300.0,799,299,0.040757320553089456,0.008744019403515983,0.0074675503373201665,7.6457875329064e-05,0.9983388408213327,3.6743729667556306,0.02289994365418535
esn,ESN,reservoir,random recurrent reservoir + ridge readout,False,lorenz,2,lorenz,1500,2,minmax,train,"(0.6, 0.2, 0.2)",100,1,3,1,internal,1e-06,1.0,ok,300,301.0,300.0,799,299,0.033027622995170626,0.0070857007379964195,0.0056839675766168374,5.020715494844301e-05,0.9989091761192889,2.900157572625174,0.021208947341106732
esn,ESN,reservoir,random recurrent reservoir + ridge readout,False,lorenz,3,lorenz,1500,3,minmax,train,"(0.6, 0.2, 0.2)",100,1,3,1,internal,1e-06,1.0,ok,300,301.0,300.0,799,299,0.048688452278738824,0.010445553477881488,0.00854175961614702,0.00010910958745928205,0.997629434614701,3.939599015369245,0.03069490916001788
esn,ESN,reservoir,random recurrent reservoir + ridge readout,False,lorenz,4,lorenz,1500,4,minmax,train,"(0.6, 0.2, 0.2)",100,1,3,1,internal,1e-06,1.0,ok,300,301.0,300.0,799,299,0.044124449475966276,0.009466398604018727,0.007434067610886734,8.961270253016769e-05,0.9980530329584429,3.196192375017274,0.026572723591579098
esn,ESN,reservoir,random recurrent reservoir + ridge readout,False,mackeyglass,0,mackeyglass,1500,0,minmax,train,"(0.6, 0.2, 0.2)",100,1,3,1,internal,1e-06,1.0,ok,300,301.0,300.0,799,299,0.006617679517904208,0.0015380501529421488,0.0012342782933530872,2.365598272965367e-06,0.9999562063177984,0.2882835631220803,0.005290373533313852
esn,ESN,reservoir,random recurrent reservoir + ridge readout,False,mackeyglass,1,mackeyglass,1500,1,minmax,train,"(0.6, 0.2, 0.2)",100,1,3,1,internal,1e-06,1.0,ok,300,301.0,300.0,799,299,0.007496407308509974,0.0017422799602453192,0.0014052187830558892,3.035539459872431e-06,0.999943803877465,0.3292924063822858,0.005928664487564017
esn,ESN,reservoir,random recurrent reservoir + ridge readout,False,mackeyglass,2,mackeyglass,1500,2,minmax,train,"(0.6, 0.2, 0.2)",100,1,3,1,internal,1e-06,1.0,ok,300,301.0,300.0,799,299,0.007400990624714064,0.0017201036604247428,0.0013695130503190657,2.9587566026065987e-06,0.9999452253377729,0.3104844757070528,0.006511215008033089
esn,ESN,reservoir,random recurrent reservoir + ridge readout,False,mackeyglass,3,mackeyglass,1500,3,minmax,train,"(0.6, 0.2, 0.2)",100,1,3,1,internal,1e-06,1.0,ok,300,301.0,300.0,799,299,0.007495062083251882,0.0017419673092762974,0.0014098383066456148,3.0344501065873034e-06,0.9999438240443682,0.31252470293877893,0.006182517668944731
esn,ESN,reservoir,random recurrent reservoir + ridge readout,False,mackeyglass,4,mackeyglass,1500,4,minmax,train,"(0.6, 0.2, 0.2)",100,1,3,1,internal,1e-06,1.0,ok,300,301.0,300.0,799,299,0.006973344344862624,0.0016207121102067062,0.0012913108876777602,2.6267077441706745e-06,0.999951372468648,0.2877263887859352,0.0064480382010609905
esn_rpy,ESN (reservoirpy),reservoir,library ESN cross-check,False,henon,0,henon,1500,0,minmax,train,"(0.6, 0.2, 0.2)",100,1,3,1,internal,1e-06,1.0,ok,300,301.0,300.0,799,299,0.04787853211926785,0.013881998811571459,0.01058180839889467,0.00019270989100447138,0.9977076461621043,7.100974633540695,0.05101649967641261
esn_rpy,ESN (reservoirpy),reservoir,library ESN cross-check,False,henon,1,henon,1500,1,minmax,train,"(0.6, 0.2, 0.2)",100,1,3,1,internal,1e-06,1.0,ok,300,301.0,300.0,799,299,0.04494044724302663,0.013030124517291186,0.010016931553169238,0.0001697841449361129,0.9979803562015968,6.73826718700653,0.045665708624148954
esn_rpy,ESN (reservoirpy),reservoir,library ESN cross-check,False,henon,2,henon,1500,2,minmax,train,"(0.6, 0.2, 0.2)",100,1,3,1,internal,1e-06,1.0,ok,300,301.0,300.0,799,299,0.04989795793705614,0.014467515233268776,0.010822088093655759,0.00020930899702486407,0.9975101937937118,7.1767631141914725,0.05302379919615216
esn_rpy,ESN (reservoirpy),reservoir,library ESN cross-check,False,henon,3,henon,1500,3,minmax,train,"(0.6, 0.2, 0.2)",100,1,3,1,internal,1e-06,1.0,ok,300,301.0,300.0,799,299,0.04496147979149966,0.013036222737098336,0.009997256249219757,0.0001699431032512396,0.9979784653349586,6.413575444050568,0.043586236018093166
esn_rpy,ESN (reservoirpy),reservoir,library ESN cross-check,False,henon,4,henon,1500,4,minmax,train,"(0.6, 0.2, 0.2)",100,1,3,1,internal,1e-06,1.0,ok,300,301.0,300.0,799,299,0.05544585456658096,0.01607608364605834,0.012053162595732822,0.00025844046539506436,0.9969257572113815,7.640888001048057,0.06740238655974704
esn_rpy,ESN (reservoirpy),reservoir,library ESN cross-check,False,lorenz,0,lorenz,1500,0,minmax,train,"(0.6, 0.2, 0.2)",100,1,3,1,internal,1e-06,1.0,ok,300,301.0,300.0,799,299,0.09741488034832187,0.020899254229614632,0.016742493041261228,0.0004367788273540651,0.9905103410867221,6.790105854800947,0.059546142205108454
esn_rpy,ESN (reservoirpy),reservoir,library ESN cross-check,False,lorenz,1,lorenz,1500,1,minmax,train,"(0.6, 0.2, 0.2)",100,1,3,1,internal,1e-06,1.0,ok,300,301.0,300.0,799,299,0.11307797202773939,0.0242595923407885,0.019409020713820984,0.0005885278205412441,0.9872133722420938,7.144296930868023,0.07159309953173199
esn_rpy,ESN (reservoirpy),reservoir,library ESN cross-check,False,lorenz,2,lorenz,1500,2,minmax,train,"(0.6, 0.2, 0.2)",100,1,3,1,internal,1e-06,1.0,ok,300,301.0,300.0,799,299,0.12317941398857722,0.026426741783156866,0.021126818845612207,0.000698372681273649,0.9848268319694307,7.56358359810394,0.07876045607510496
esn_rpy,ESN (reservoirpy),reservoir,library ESN cross-check,False,lorenz,3,lorenz,1500,3,minmax,train,"(0.6, 0.2, 0.2)",100,1,3,1,internal,1e-06,1.0,ok,300,301.0,300.0,799,299,0.11985299178453164,0.025713095746033945,0.019734397059076498,0.000661163292844709,0.985635260360297,6.791337550609416,0.07370268342723407
esn_rpy,ESN (reservoirpy),reservoir,library ESN cross-check,False,lorenz,4,lorenz,1500,4,minmax,train,"(0.6, 0.2, 0.2)",100,1,3,1,internal,1e-06,1.0,ok,300,301.0,300.0,799,299,0.12476824739021651,0.026767607912341975,0.020675091559857098,0.0007165048333488726,0.9844328844431738,7.761562623468607,0.08727391682134972
esn_rpy,ESN (reservoirpy),reservoir,library ESN cross-check,False,mackeyglass,0,mackeyglass,1500,0,minmax,train,"(0.6, 0.2, 0.2)",100,1,3,1,internal,1e-06,1.0,ok,300,301.0,300.0,799,299,0.009245414721833895,0.0021487760911446502,0.0017711611156386103,4.617238689874881e-06,0.9999145223066213,0.4595756600584212,0.0059817103065047394
esn_rpy,ESN (reservoirpy),reservoir,library ESN cross-check,False,mackeyglass,1,mackeyglass,1500,1,minmax,train,"(0.6, 0.2, 0.2)",100,1,3,1,internal,1e-06,1.0,ok,300,301.0,300.0,799,299,0.008768678607069976,0.002037975310864812,0.0016605507161409439,4.1533433676945255e-06,0.9999231102754859,0.4326089728539333,0.006893896574498237
esn_rpy,ESN (reservoirpy),reservoir,library ESN cross-check,False,mackeyglass,2,mackeyglass,1500,2,minmax,train,"(0.6, 0.2, 0.2)",100,1,3,1,internal,1e-06,1.0,ok,300,301.0,300.0,799,299,0.00992202173973707,0.0023060299328503723,0.0018798339307844127,5.317774051201892e-06,0.9999015534845962,0.503518226577167,0.00769495475866
esn_rpy,ESN (reservoirpy),reservoir,library ESN cross-check,False,mackeyglass,3,mackeyglass,1500,3,minmax,train,"(0.6, 0.2, 0.2)",100,1,3,1,internal,1e-06,1.0,ok,300,301.0,300.0,799,299,0.008881757793878118,0.0020642566471087763,0.0016889345956616938,4.261155505132766e-06,0.9999211143784908,0.43128179494743835,0.006757288129670469
esn_rpy,ESN (reservoirpy),reservoir,library ESN cross-check,False,mackeyglass,4,mackeyglass,1500,4,minmax,train,"(0.6, 0.2, 0.2)",100,1,3,1,internal,1e-06,1.0,ok,300,301.0,300.0,799,299,0.011003103721875832,0.002557289955864922,0.002168924646780097,6.539731918367615e-06,0.9998789317084856,0.6007772718106377,0.00706368016062231
ets,ETS,statistical,exponential smoothing,True,henon,0,henon,1500,0,minmax,train,"(0.6, 0.2, 0.2)",100,1,1,1,internal,1e-06,1.0,ok,2,4.0,,800,299,1.0161912848453338,0.29463656432514534,0.25088804533312214,0.0868107050373255,-0.03264472739561053,49.889303637595376,0.6629950681067122
ets,ETS,statistical,exponential smoothing,True,henon,1,henon,1500,1,minmax,train,"(0.6, 0.2, 0.2)",100,1,1,1,internal,1e-06,1.0,ok,2,4.0,,800,299,1.0161912848453338,0.29463656432514534,0.25088804533312214,0.0868107050373255,-0.03264472739561053,49.889303637595376,0.6629950681067122
ets,ETS,statistical,exponential smoothing,True,henon,2,henon,1500,2,minmax,train,"(0.6, 0.2, 0.2)",100,1,1,1,internal,1e-06,1.0,ok,2,4.0,,800,299,1.0161912848453338,0.29463656432514534,0.25088804533312214,0.0868107050373255,-0.03264472739561053,49.889303637595376,0.6629950681067122
ets,ETS,statistical,exponential smoothing,True,henon,3,henon,1500,3,minmax,train,"(0.6, 0.2, 0.2)",100,1,1,1,internal,1e-06,1.0,ok,2,4.0,,800,299,1.0161912848453338,0.29463656432514534,0.25088804533312214,0.0868107050373255,-0.03264472739561053,49.889303637595376,0.6629950681067122
ets,ETS,statistical,exponential smoothing,True,henon,4,henon,1500,4,minmax,train,"(0.6, 0.2, 0.2)",100,1,1,1,internal,1e-06,1.0,ok,2,4.0,,800,299,1.0161912848453338,0.29463656432514534,0.25088804533312214,0.0868107050373255,-0.03264472739561053,49.889303637595376,0.6629950681067122
ets,ETS,statistical,exponential smoothing,True,lorenz,0,lorenz,1500,0,minmax,train,"(0.6, 0.2, 0.2)",100,1,1,1,internal,1e-06,1.0,ok,2,4.0,,800,299,0.28735223914615887,0.06164815352532587,0.05082882780144175,0.003800494833082148,0.9174286906576887,17.81507505875288,0.1600583492717671
ets,ETS,statistical,exponential smoothing,True,lorenz,1,lorenz,1500,1,minmax,train,"(0.6, 0.2, 0.2)",100,1,1,1,internal,1e-06,1.0,ok,2,4.0,,800,299,0.28735223914615887,0.06164815352532587,0.05082882780144175,0.003800494833082148,0.9174286906576887,17.81507505875288,0.1600583492717671
ets,ETS,statistical,exponential smoothing,True,lorenz,2,lorenz,1500,2,minmax,train,"(0.6, 0.2, 0.2)",100,1,1,1,internal,1e-06,1.0,ok,2,4.0,,800,299,0.28735223914615887,0.06164815352532587,0.05082882780144175,0.003800494833082148,0.9174286906576887,17.81507505875288,0.1600583492717671
ets,ETS,statistical,exponential smoothing,True,lorenz,3,lorenz,1500,3,minmax,train,"(0.6, 0.2, 0.2)",100,1,1,1,internal,1e-06,1.0,ok,2,4.0,,800,299,0.28735223914615887,0.06164815352532587,0.05082882780144175,0.003800494833082148,0.9174286906576887,17.81507505875288,0.1600583492717671
ets,ETS,statistical,exponential smoothing,True,lorenz,4,lorenz,1500,4,minmax,train,"(0.6, 0.2, 0.2)",100,1,1,1,internal,1e-06,1.0,ok,2,4.0,,800,299,0.28735223914615887,0.06164815352532587,0.05082882780144175,0.003800494833082148,0.9174286906576887,17.81507505875288,0.1600583492717671
ets,ETS,statistical,exponential smoothing,True,mackeyglass,0,mackeyglass,1500,0,minmax,train,"(0.6, 0.2, 0.2)",100,1,1,1,internal,1e-06,1.0,ok,2,4.0,,800,299,0.15068643555119893,0.035021837279788255,0.0291865259634889,0.0012265290864519663,0.9772935981408744,7.483455404843611,0.08427720970583935
ets,ETS,statistical,exponential smoothing,True,mackeyglass,1,mackeyglass,1500,1,minmax,train,"(0.6, 0.2, 0.2)",100,1,1,1,internal,1e-06,1.0,ok,2,4.0,,800,299,0.15068643555119893,0.035021837279788255,0.0291865259634889,0.0012265290864519663,0.9772935981408744,7.483455404843611,0.08427720970583935
ets,ETS,statistical,exponential smoothing,True,mackeyglass,2,mackeyglass,1500,2,minmax,train,"(0.6, 0.2, 0.2)",100,1,1,1,internal,1e-06,1.0,ok,2,4.0,,800,299,0.15068643555119893,0.035021837279788255,0.0291865259634889,0.0012265290864519663,0.9772935981408744,7.483455404843611,0.08427720970583935
ets,ETS,statistical,exponential smoothing,True,mackeyglass,3,mackeyglass,1500,3,minmax,train,"(0.6, 0.2, 0.2)",100,1,1,1,internal,1e-06,1.0,ok,2,4.0,,800,299,0.15068643555119893,0.035021837279788255,0.0291865259634889,0.0012265290864519663,0.9772935981408744,7.483455404843611,0.08427720970583935
ets,ETS,statistical,exponential smoothing,True,mackeyglass,4,mackeyglass,1500,4,minmax,train,"(0.6, 0.2, 0.2)",100,1,1,1,internal,1e-06,1.0,ok,2,4.0,,800,299,0.15068643555119893,0.035021837279788255,0.0291865259634889,0.0012265290864519663,0.9772935981408744,7.483455404843611,0.08427720970583935
gru,GRU,dl,torch sequence network on lag windows,False,henon,0,henon,1500,0,minmax,train,"(0.6, 0.2, 0.2)",100,1,8,1,internal,1e-06,1.0,ok,8,12929.0,,640,299,0.4494948097239753,0.1303274377512638,0.10453667926304168,0.016985241030809537,0.7979544160312072,26.96845074766483,0.4482088413735002
gru,GRU,dl,torch sequence network on lag windows,False,henon,1,henon,1500,1,minmax,train,"(0.6, 0.2, 0.2)",100,1,8,1,internal,1e-06,1.0,ok,8,12929.0,,640,299,0.4666883504874509,0.1353125678686765,0.10751791178164734,0.01830949102321518,0.7822019835193021,28.048218238145196,0.4953739967842668
gru,GRU,dl,torch sequence network on lag windows,False,henon,2,henon,1500,2,minmax,train,"(0.6, 0.2, 0.2)",100,1,8,1,internal,1e-06,1.0,ok,8,12929.0,,640,299,0.6439943459293638,0.18672102817564146,0.1520343498495918,0.03486474236296869,0.5852712824110111,36.12603180836408,0.4761270877840669
gru,GRU,dl,torch sequence network on lag windows,False,henon,3,henon,1500,3,minmax,train,"(0.6, 0.2, 0.2)",100,1,8,1,internal,1e-06,1.0,ok,8,12929.0,,640,299,0.5284607096508318,0.15322297110238223,0.12722279544865328,0.023477278873441462,0.7207292783553392,31.579963919973768,0.4724829521675676
gru,GRU,dl,torch sequence network on lag windows,False,henon,4,henon,1500,4,minmax,train,"(0.6, 0.2, 0.2)",100,1,8,1,internal,1e-06,1.0,ok,8,12929.0,,640,299,0.5656933804056566,0.16401828725540413,0.13654591384700807,0.026901998554196265,0.679990999365221,33.273259806214654,0.4786310520668596
gru,GRU,dl,torch sequence network on lag windows,False,lorenz,0,lorenz,1500,0,minmax,train,"(0.6, 0.2, 0.2)",100,1,8,1,internal,1e-06,1.0,ok,8,12929.0,,640,299,0.19918292666063891,0.04273243068815297,0.03469751089319826,0.0018260606325177975,0.9603261617269025,13.535498659836332,0.12687125264883442
gru,GRU,dl,torch sequence network on lag windows,False,lorenz,1,lorenz,1500,1,minmax,train,"(0.6, 0.2, 0.2)",100,1,8,1,internal,1e-06,1.0,ok,8,12929.0,,640,299,0.20019711862249515,0.042950014034482356,0.035213591154171685,0.001844703705562231,0.9599211136952506,14.334308667160203,0.12208836733580036
gru,GRU,dl,torch sequence network on lag windows,False,lorenz,2,lorenz,1500,2,minmax,train,"(0.6, 0.2, 0.2)",100,1,8,1,internal,1e-06,1.0,ok,8,12929.0,,640,299,0.1974644077233252,0.042363742002801165,0.034191552413981516,0.0017946866364798998,0.9610078076824764,13.740561511672341,0.12213368921757145
gru,GRU,dl,torch sequence network on lag windows,False,lorenz,3,lorenz,1500,3,minmax,train,"(0.6, 0.2, 0.2)",100,1,8,1,internal,1e-06,1.0,ok,8,12929.0,,640,299,0.2126971670293943,0.0456317571994297,0.03745062439332451,0.0020822572651077037,0.95475991513767,14.451267870718107,0.1330002860037967
gru,GRU,dl,torch sequence network on lag windows,False,lorenz,4,lorenz,1500,4,minmax,train,"(0.6, 0.2, 0.2)",100,1,8,1,internal,1e-06,1.0,ok,8,12929.0,,640,299,0.2066213873083675,0.04432826778817299,0.03600515822609113,0.001964995325099975,0.9573076023067656,14.210161005713967,0.12547327735110964
gru,GRU,dl,torch sequence network on lag windows,False,mackeyglass,0,mackeyglass,1500,0,minmax,train,"(0.6, 0.2, 0.2)",100,1,8,1,internal,1e-06,1.0,ok,8,12929.0,,640,299,0.09702534263832824,0.022550176792394083,0.018468528151990255,0.0005085104733682286,0.990586082885915,4.920757778274614,0.05250431780087206
gru,GRU,dl,torch sequence network on lag windows,False,mackeyglass,1,mackeyglass,1500,1,minmax,train,"(0.6, 0.2, 0.2)",100,1,8,1,internal,1e-06,1.0,ok,8,12929.0,,640,299,0.09143875788049505,0.02125176886587503,0.017423361245454645,0.00045163767992857526,0.9916389535572722,4.6961506180726555,0.04833476980817192
gru,GRU,dl,torch sequence network on lag windows,False,mackeyglass,2,mackeyglass,1500,2,minmax,train,"(0.6, 0.2, 0.2)",100,1,8,1,internal,1e-06,1.0,ok,8,12929.0,,640,299,0.09687501770125645,0.022515238972901804,0.018346468804809737,0.0005069359860068763,0.9906152309453813,4.98531289198124,0.05331419384805047
gru,GRU,dl,torch sequence network on lag windows,False,mackeyglass,3,mackeyglass,1500,3,minmax,train,"(0.6, 0.2, 0.2)",100,1,8,1,internal,1e-06,1.0,ok,8,12929.0,,640,299,0.09881963097365358,0.022967196903613287,0.018806323348347417,0.0005274921336093438,0.9902346805342309,4.997555608852562,0.055805608395017026
gru,GRU,dl,torch sequence network on lag windows,False,mackeyglass,4,mackeyglass,1500,4,minmax,train,"(0.6, 0.2, 0.2)",100,1,8,1,internal,1e-06,1.0,ok,8,12929.0,,640,299,0.11726749572568072,0.027254763433020752,0.022385317526190857,0.0007428221297899252,0.9862483344462275,5.797874688769323,0.0666622071333981
hist_gb,HistGradientBoosting,ml,tabular regressor on lag windows,False,henon,0,henon,1500,0,minmax,train,"(0.6, 0.2, 0.2)",100,1,4,1,internal,1e-06,1.0,ok,4,,4.0,799,299,0.03015827816148202,0.008744152401202247,0.005556826900251813,7.646020121545102e-05,0.9990904782583346,2.7091072786784376,0.05821754736614049
hist_gb,HistGradientBoosting,ml,tabular regressor on lag windows,False,henon,1,henon,1500,1,minmax,train,"(0.6, 0.2, 0.2)",100,1,4,1,internal,1e-06,1.0,ok,4,,4.0,799,299,0.03015827816148202,0.008744152401202247,0.005556826900251813,7.646020121545102e-05,0.9990904782583346,2.7091072786784376,0.05821754736614049
hist_gb,HistGradientBoosting,ml,tabular regressor on lag windows,False,henon,2,henon,1500,2,minmax,train,"(0.6, 0.2, 0.2)",100,1,4,1,internal,1e-06,1.0,ok,4,,4.0,799,299,0.03015827816148202,0.008744152401202247,0.005556826900251813,7.646020121545102e-05,0.9990904782583346,2.7091072786784376,0.05821754736614049
hist_gb,HistGradientBoosting,ml,tabular regressor on lag windows,False,henon,3,henon,1500,3,minmax,train,"(0.6, 0.2, 0.2)",100,1,4,1,internal,1e-06,1.0,ok,4,,4.0,799,299,0.03015827816148202,0.008744152401202247,0.005556826900251813,7.646020121545102e-05,0.9990904782583346,2.7091072786784376,0.05821754736614049
hist_gb,HistGradientBoosting,ml,tabular regressor on lag windows,False,henon,4,henon,1500,4,minmax,train,"(0.6, 0.2, 0.2)",100,1,4,1,internal,1e-06,1.0,ok,4,,4.0,799,299,0.03015827816148202,0.008744152401202247,0.005556826900251813,7.646020121545102e-05,0.9990904782583346,2.7091072786784376,0.05821754736614049
hist_gb,HistGradientBoosting,ml,tabular regressor on lag windows,False,lorenz,0,lorenz,1500,0,minmax,train,"(0.6, 0.2, 0.2)",100,1,4,1,internal,1e-06,1.0,ok,4,,4.0,799,299,0.06955977773078487,0.014923258887688019,0.011034205540337967,0.00022270365582895943,0.9951614373220438,4.932518336895657,0.05239682159117942
hist_gb,HistGradientBoosting,ml,tabular regressor on lag windows,False,lorenz,1,lorenz,1500,1,minmax,train,"(0.6, 0.2, 0.2)",100,1,4,1,internal,1e-06,1.0,ok,4,,4.0,799,299,0.06955977773078487,0.014923258887688019,0.011034205540337967,0.00022270365582895943,0.9951614373220438,4.932518336895657,0.05239682159117942
hist_gb,HistGradientBoosting,ml,tabular regressor on lag windows,False,lorenz,2,lorenz,1500,2,minmax,train,"(0.6, 0.2, 0.2)",100,1,4,1,internal,1e-06,1.0,ok,4,,4.0,799,299,0.06955977773078487,0.014923258887688019,0.011034205540337967,0.00022270365582895943,0.9951614373220438,4.932518336895657,0.05239682159117942
hist_gb,HistGradientBoosting,ml,tabular regressor on lag windows,False,lorenz,3,lorenz,1500,3,minmax,train,"(0.6, 0.2, 0.2)",100,1,4,1,internal,1e-06,1.0,ok,4,,4.0,799,299,0.06955977773078487,0.014923258887688019,0.011034205540337967,0.00022270365582895943,0.9951614373220438,4.932518336895657,0.05239682159117942
hist_gb,HistGradientBoosting,ml,tabular regressor on lag windows,False,lorenz,4,lorenz,1500,4,minmax,train,"(0.6, 0.2, 0.2)",100,1,4,1,internal,1e-06,1.0,ok,4,,4.0,799,299,0.06955977773078487,0.014923258887688019,0.011034205540337967,0.00022270365582895943,0.9951614373220438,4.932518336895657,0.05239682159117942
hist_gb,HistGradientBoosting,ml,tabular regressor on lag windows,False,mackeyglass,0,mackeyglass,1500,0,minmax,train,"(0.6, 0.2, 0.2)",100,1,4,1,internal,1e-06,1.0,ok,4,,4.0,799,299,0.05033428072505807,0.011698458342982157,0.009094493970653417,0.00013685392760248884,0.9974664601838911,2.1971133076135354,0.0395554360823972
hist_gb,HistGradientBoosting,ml,tabular regressor on lag windows,False,mackeyglass,1,mackeyglass,1500,1,minmax,train,"(0.6, 0.2, 0.2)",100,1,4,1,internal,1e-06,1.0,ok,4,,4.0,799,299,0.05033428072505807,0.011698458342982157,0.009094493970653417,0.00013685392760248884,0.9974664601838911,2.1971133076135354,0.0395554360823972
hist_gb,HistGradientBoosting,ml,tabular regressor on lag windows,False,mackeyglass,2,mackeyglass,1500,2,minmax,train,"(0.6, 0.2, 0.2)",100,1,4,1,internal,1e-06,1.0,ok,4,,4.0,799,299,0.05033428072505807,0.011698458342982157,0.009094493970653417,0.00013685392760248884,0.9974664601838911,2.1971133076135354,0.0395554360823972
hist_gb,HistGradientBoosting,ml,tabular regressor on lag windows,False,mackeyglass,3,mackeyglass,1500,3,minmax,train,"(0.6, 0.2, 0.2)",100,1,4,1,internal,1e-06,1.0,ok,4,,4.0,799,299,0.05033428072505807,0.011698458342982157,0.009094493970653417,0.00013685392760248884,0.9974664601838911,2.1971133076135354,0.0395554360823972
hist_gb,HistGradientBoosting,ml,tabular regressor on lag windows,False,mackeyglass,4,mackeyglass,1500,4,minmax,train,"(0.6, 0.2, 0.2)",100,1,4,1,internal,1e-06,1.0,ok,4,,4.0,799,299,0.05033428072505807,0.011698458342982157,0.009094493970653417,0.00013685392760248884,0.9974664601838911,2.1971133076135354,0.0395554360823972
knn,kNN,ml,tabular regressor on lag windows,True,henon,0,henon,1500,0,minmax,train,"(0.6, 0.2, 0.2)",100,1,4,1,internal,1e-06,1.0,ok,4,,4.0,799,299,0.04308263112513517,0.012491465540101934,0.00859881607452573,0.0001560367113395541,0.9981438868953355,2.8287301805742207,0.04350504057050214
knn,kNN,ml,tabular regressor on lag windows,True,henon,1,henon,1500,1,minmax,train,"(0.6, 0.2, 0.2)",100,1,4,1,internal,1e-06,1.0,ok,4,,4.0,799,299,0.04308263112513517,0.012491465540101934,0.00859881607452573,0.0001560367113395541,0.9981438868953355,2.8287301805742207,0.04350504057050214
knn,kNN,ml,tabular regressor on lag windows,True,henon,2,henon,1500,2,minmax,train,"(0.6, 0.2, 0.2)",100,1,4,1,internal,1e-06,1.0,ok,4,,4.0,799,299,0.04308263112513517,0.012491465540101934,0.00859881607452573,0.0001560367113395541,0.9981438868953355,2.8287301805742207,0.04350504057050214
knn,kNN,ml,tabular regressor on lag windows,True,henon,3,henon,1500,3,minmax,train,"(0.6, 0.2, 0.2)",100,1,4,1,internal,1e-06,1.0,ok,4,,4.0,799,299,0.04308263112513517,0.012491465540101934,0.00859881607452573,0.0001560367113395541,0.9981438868953355,2.8287301805742207,0.04350504057050214
knn,kNN,ml,tabular regressor on lag windows,True,henon,4,henon,1500,4,minmax,train,"(0.6, 0.2, 0.2)",100,1,4,1,internal,1e-06,1.0,ok,4,,4.0,799,299,0.04308263112513517,0.012491465540101934,0.00859881607452573,0.0001560367113395541,0.9981438868953355,2.8287301805742207,0.04350504057050214
knn,kNN,ml,tabular regressor on lag windows,True,lorenz,0,lorenz,1500,0,minmax,train,"(0.6, 0.2, 0.2)",100,1,4,1,internal,1e-06,1.0,ok,4,,4.0,799,299,0.08528629635634796,0.018297204528509973,0.014037334482633727,0.0003347876935581258,0.9927262476538172,5.760865696555477,0.05067996396479035
knn,kNN,ml,tabular regressor on lag windows,True,lorenz,1,lorenz,1500,1,minmax,train,"(0.6, 0.2, 0.2)",100,1,4,1,internal,1e-06,1.0,ok,4,,4.0,799,299,0.08528629635634796,0.018297204528509973,0.014037334482633727,0.0003347876935581258,0.9927262476538172,5.760865696555477,0.05067996396479035
knn,kNN,ml,tabular regressor on lag windows,True,lorenz,2,lorenz,1500,2,minmax,train,"(0.6, 0.2, 0.2)",100,1,4,1,internal,1e-06,1.0,ok,4,,4.0,799,299,0.08528629635634796,0.018297204528509973,0.014037334482633727,0.0003347876935581258,0.9927262476538172,5.760865696555477,0.05067996396479035
knn,kNN,ml,tabular regressor on lag windows,True,lorenz,3,lorenz,1500,3,minmax,train,"(0.6, 0.2, 0.2)",100,1,4,1,internal,1e-06,1.0,ok,4,,4.0,799,299,0.08528629635634796,0.018297204528509973,0.014037334482633727,0.0003347876935581258,0.9927262476538172,5.760865696555477,0.05067996396479035
knn,kNN,ml,tabular regressor on lag windows,True,lorenz,4,lorenz,1500,4,minmax,train,"(0.6, 0.2, 0.2)",100,1,4,1,internal,1e-06,1.0,ok,4,,4.0,799,299,0.08528629635634796,0.018297204528509973,0.014037334482633727,0.0003347876935581258,0.9927262476538172,5.760865696555477,0.05067996396479035
knn,kNN,ml,tabular regressor on lag windows,True,mackeyglass,0,mackeyglass,1500,0,minmax,train,"(0.6, 0.2, 0.2)",100,1,4,1,internal,1e-06,1.0,ok,4,,4.0,799,299,0.0813928502354411,0.01891694594975847,0.013675971315307338,0.00035785084406608336,0.993375203930551,3.5279688171123533,0.1069733984836886
knn,kNN,ml,tabular regressor on lag windows,True,mackeyglass,1,mackeyglass,1500,1,minmax,train,"(0.6, 0.2, 0.2)",100,1,4,1,internal,1e-06,1.0,ok,4,,4.0,799,299,0.0813928502354411,0.01891694594975847,0.013675971315307338,0.00035785084406608336,0.993375203930551,3.5279688171123533,0.1069733984836886
knn,kNN,ml,tabular regressor on lag windows,True,mackeyglass,2,mackeyglass,1500,2,minmax,train,"(0.6, 0.2, 0.2)",100,1,4,1,internal,1e-06,1.0,ok,4,,4.0,799,299,0.0813928502354411,0.01891694594975847,0.013675971315307338,0.00035785084406608336,0.993375203930551,3.5279688171123533,0.1069733984836886
knn,kNN,ml,tabular regressor on lag windows,True,mackeyglass,3,mackeyglass,1500,3,minmax,train,"(0.6, 0.2, 0.2)",100,1,4,1,internal,1e-06,1.0,ok,4,,4.0,799,299,0.0813928502354411,0.01891694594975847,0.013675971315307338,0.00035785084406608336,0.993375203930551,3.5279688171123533,0.1069733984836886
knn,kNN,ml,tabular regressor on lag windows,True,mackeyglass,4,mackeyglass,1500,4,minmax,train,"(0.6, 0.2, 0.2)",100,1,4,1,internal,1e-06,1.0,ok,4,,4.0,799,299,0.0813928502354411,0.01891694594975847,0.013675971315307338,0.00035785084406608336,0.993375203930551,3.5279688171123533,0.1069733984836886
lightgbm,LightGBM,ml,tabular regressor on lag windows,False,henon,0,henon,1500,0,minmax,train,"(0.6, 0.2, 0.2)",100,1,4,1,internal,1e-06,1.0,ok,4,,4.0,799,299,0.02853082037120254,0.008272283985222749,0.004866623099919228,6.843068233217277e-05,0.9991859922889462,2.5144826857392744,0.054700500673363184
lightgbm,LightGBM,ml,tabular regressor on lag windows,False,henon,1,henon,1500,1,minmax,train,"(0.6, 0.2, 0.2)",100,1,4,1,internal,1e-06,1.0,ok,4,,4.0,799,299,0.02853082037120254,0.008272283985222749,0.004866623099919228,6.843068233217277e-05,0.9991859922889462,2.5144826857392744,0.054700500673363184
lightgbm,LightGBM,ml,tabular regressor on lag windows,False,henon,2,henon,1500,2,minmax,train,"(0.6, 0.2, 0.2)",100,1,4,1,internal,1e-06,1.0,ok,4,,4.0,799,299,0.02853082037120254,0.008272283985222749,0.004866623099919228,6.843068233217277e-05,0.9991859922889462,2.5144826857392744,0.054700500673363184
lightgbm,LightGBM,ml,tabular regressor on lag windows,False,henon,3,henon,1500,3,minmax,train,"(0.6, 0.2, 0.2)",100,1,4,1,internal,1e-06,1.0,ok,4,,4.0,799,299,0.02853082037120254,0.008272283985222749,0.004866623099919228,6.843068233217277e-05,0.9991859922889462,2.5144826857392744,0.054700500673363184
lightgbm,LightGBM,ml,tabular regressor on lag windows,False,henon,4,henon,1500,4,minmax,train,"(0.6, 0.2, 0.2)",100,1,4,1,internal,1e-06,1.0,ok,4,,4.0,799,299,0.02853082037120254,0.008272283985222749,0.004866623099919228,6.843068233217277e-05,0.9991859922889462,2.5144826857392744,0.054700500673363184
lightgbm,LightGBM,ml,tabular regressor on lag windows,False,lorenz,0,lorenz,1500,0,minmax,train,"(0.6, 0.2, 0.2)",100,1,4,1,internal,1e-06,1.0,ok,4,,4.0,799,299,0.05481954184273718,0.011760908986653574,0.008814159349682736,0.0001383189801923488,0.9969948178321524,4.10441826125421,0.0424123163748058
lightgbm,LightGBM,ml,tabular regressor on lag windows,False,lorenz,1,lorenz,1500,1,minmax,train,"(0.6, 0.2, 0.2)",100,1,4,1,internal,1e-06,1.0,ok,4,,4.0,799,299,0.05481954184273718,0.011760908986653574,0.008814159349682736,0.0001383189801923488,0.9969948178321524,4.10441826125421,0.0424123163748058
lightgbm,LightGBM,ml,tabular regressor on lag windows,False,lorenz,2,lorenz,1500,2,minmax,train,"(0.6, 0.2, 0.2)",100,1,4,1,internal,1e-06,1.0,ok,4,,4.0,799,299,0.05481954184273718,0.011760908986653574,0.008814159349682736,0.0001383189801923488,0.9969948178321524,4.10441826125421,0.0424123163748058
lightgbm,LightGBM,ml,tabular regressor on lag windows,False,lorenz,3,lorenz,1500,3,minmax,train,"(0.6, 0.2, 0.2)",100,1,4,1,internal,1e-06,1.0,ok,4,,4.0,799,299,0.05481954184273718,0.011760908986653574,0.008814159349682736,0.0001383189801923488,0.9969948178321524,4.10441826125421,0.0424123163748058
lightgbm,LightGBM,ml,tabular regressor on lag windows,False,lorenz,4,lorenz,1500,4,minmax,train,"(0.6, 0.2, 0.2)",100,1,4,1,internal,1e-06,1.0,ok,4,,4.0,799,299,0.05481954184273718,0.011760908986653574,0.008814159349682736,0.0001383189801923488,0.9969948178321524,4.10441826125421,0.0424123163748058
lightgbm,LightGBM,ml,tabular regressor on lag windows,False,mackeyglass,0,mackeyglass,1500,0,minmax,train,"(0.6, 0.2, 0.2)",100,1,4,1,internal,1e-06,1.0,ok,4,,4.0,799,299,0.05303305646775403,0.012325695191273148,0.00943258337702917,0.00015192276194817402,0.997187494921688,2.2529045129662038,0.04386517755212671
lightgbm,LightGBM,ml,tabular regressor on lag windows,False,mackeyglass,1,mackeyglass,1500,1,minmax,train,"(0.6, 0.2, 0.2)",100,1,4,1,internal,1e-06,1.0,ok,4,,4.0,799,299,0.05303305646775403,0.012325695191273148,0.00943258337702917,0.00015192276194817402,0.997187494921688,2.2529045129662038,0.04386517755212671
lightgbm,LightGBM,ml,tabular regressor on lag windows,False,mackeyglass,2,mackeyglass,1500,2,minmax,train,"(0.6, 0.2, 0.2)",100,1,4,1,internal,1e-06,1.0,ok,4,,4.0,799,299,0.05303305646775403,0.012325695191273148,0.00943258337702917,0.00015192276194817402,0.997187494921688,2.2529045129662038,0.04386517755212671
lightgbm,LightGBM,ml,tabular regressor on lag windows,False,mackeyglass,3,mackeyglass,1500,3,minmax,train,"(0.6, 0.2, 0.2)",100,1,4,1,internal,1e-06,1.0,ok,4,,4.0,799,299,0.05303305646775403,0.012325695191273148,0.00943258337702917,0.00015192276194817402,0.997187494921688,2.2529045129662038,0.04386517755212671
lightgbm,LightGBM,ml,tabular regressor on lag windows,False,mackeyglass,4,mackeyglass,1500,4,minmax,train,"(0.6, 0.2, 0.2)",100,1,4,1,internal,1e-06,1.0,ok,4,,4.0,799,299,0.05303305646775403,0.012325695191273148,0.00943258337702917,0.00015192276194817402,0.997187494921688,2.2529045129662038,0.04386517755212671
linear,Linear-Ridge,reservoir,linear ridge on lag windows,True,henon,0,henon,1500,0,minmax,train,"(0.6, 0.2, 0.2)",100,1,4,1,internal,1e-06,1.0,ok,4,5.0,4.0,799,299,0.879324707141309,0.2549531909022055,0.20882692243363937,0.06500112955121642,0.22678805941085123,43.81289137815231,0.66289127679371
linear,Linear-Ridge,reservoir,linear ridge on lag windows,True,henon,1,henon,1500,1,minmax,train,"(0.6, 0.2, 0.2)",100,1,4,1,internal,1e-06,1.0,ok,4,5.0,4.0,799,299,0.879324707141309,0.2549531909022055,0.20882692243363937,0.06500112955121642,0.22678805941085123,43.81289137815231,0.66289127679371
linear,Linear-Ridge,reservoir,linear ridge on lag windows,True,henon,2,henon,1500,2,minmax,train,"(0.6, 0.2, 0.2)",100,1,4,1,internal,1e-06,1.0,ok,4,5.0,4.0,799,299,0.879324707141309,0.2549531909022055,0.20882692243363937,0.06500112955121642,0.22678805941085123,43.81289137815231,0.66289127679371
linear,Linear-Ridge,reservoir,linear ridge on lag windows,True,henon,3,henon,1500,3,minmax,train,"(0.6, 0.2, 0.2)",100,1,4,1,internal,1e-06,1.0,ok,4,5.0,4.0,799,299,0.879324707141309,0.2549531909022055,0.20882692243363937,0.06500112955121642,0.22678805941085123,43.81289137815231,0.66289127679371
linear,Linear-Ridge,reservoir,linear ridge on lag windows,True,henon,4,henon,1500,4,minmax,train,"(0.6, 0.2, 0.2)",100,1,4,1,internal,1e-06,1.0,ok,4,5.0,4.0,799,299,0.879324707141309,0.2549531909022055,0.20882692243363937,0.06500112955121642,0.22678805941085123,43.81289137815231,0.66289127679371
linear,Linear-Ridge,reservoir,linear ridge on lag windows,True,lorenz,0,lorenz,1500,0,minmax,train,"(0.6, 0.2, 0.2)",100,1,4,1,internal,1e-06,1.0,ok,4,5.0,4.0,799,299,0.0644248778147532,0.01382162453362374,0.011076948823335167,0.00019103730474846967,0.9958494351185542,6.084852926058216,0.04881986122761081
linear,Linear-Ridge,reservoir,linear ridge on lag windows,True,lorenz,1,lorenz,1500,1,minmax,train,"(0.6, 0.2, 0.2)",100,1,4,1,internal,1e-06,1.0,ok,4,5.0,4.0,799,299,0.0644248778147532,0.01382162453362374,0.011076948823335167,0.00019103730474846967,0.9958494351185542,6.084852926058216,0.04881986122761081
linear,Linear-Ridge,reservoir,linear ridge on lag windows,True,lorenz,2,lorenz,1500,2,minmax,train,"(0.6, 0.2, 0.2)",100,1,4,1,internal,1e-06,1.0,ok,4,5.0,4.0,799,299,0.0644248778147532,0.01382162453362374,0.011076948823335167,0.00019103730474846967,0.9958494351185542,6.084852926058216,0.04881986122761081
linear,Linear-Ridge,reservoir,linear ridge on lag windows,True,lorenz,3,lorenz,1500,3,minmax,train,"(0.6, 0.2, 0.2)",100,1,4,1,internal,1e-06,1.0,ok,4,5.0,4.0,799,299,0.0644248778147532,0.01382162453362374,0.011076948823335167,0.00019103730474846967,0.9958494351185542,6.084852926058216,0.04881986122761081
linear,Linear-Ridge,reservoir,linear ridge on lag windows,True,lorenz,4,lorenz,1500,4,minmax,train,"(0.6, 0.2, 0.2)",100,1,4,1,internal,1e-06,1.0,ok,4,5.0,4.0,799,299,0.0644248778147532,0.01382162453362374,0.011076948823335167,0.00019103730474846967,0.9958494351185542,6.084852926058216,0.04881986122761081
linear,Linear-Ridge,reservoir,linear ridge on lag windows,True,mackeyglass,0,mackeyglass,1500,0,minmax,train,"(0.6, 0.2, 0.2)",100,1,4,1,internal,1e-06,1.0,ok,4,5.0,4.0,799,299,0.004367989050867782,0.001015187606102818,0.0008036809065018653,1.0306058755847703e-06,0.9999809206716515,0.22182030363477948,0.0033239981726871093
linear,Linear-Ridge,reservoir,linear ridge on lag windows,True,mackeyglass,1,mackeyglass,1500,1,minmax,train,"(0.6, 0.2, 0.2)",100,1,4,1,internal,1e-06,1.0,ok,4,5.0,4.0,799,299,0.004367989050867782,0.001015187606102818,0.0008036809065018653,1.0306058755847703e-06,0.9999809206716515,0.22182030363477948,0.0033239981726871093
linear,Linear-Ridge,reservoir,linear ridge on lag windows,True,mackeyglass,2,mackeyglass,1500,2,minmax,train,"(0.6, 0.2, 0.2)",100,1,4,1,internal,1e-06,1.0,ok,4,5.0,4.0,799,299,0.004367989050867782,0.001015187606102818,0.0008036809065018653,1.0306058755847703e-06,0.9999809206716515,0.22182030363477948,0.0033239981726871093
linear,Linear-Ridge,reservoir,linear ridge on lag windows,True,mackeyglass,3,mackeyglass,1500,3,minmax,train,"(0.6, 0.2, 0.2)",100,1,4,1,internal,1e-06,1.0,ok,4,5.0,4.0,799,299,0.004367989050867782,0.001015187606102818,0.0008036809065018653,1.0306058755847703e-06,0.9999809206716515,0.22182030363477948,0.0033239981726871093
linear,Linear-Ridge,reservoir,linear ridge on lag windows,True,mackeyglass,4,mackeyglass,1500,4,minmax,train,"(0.6, 0.2, 0.2)",100,1,4,1,internal,1e-06,1.0,ok,4,5.0,4.0,799,299,0.004367989050867782,0.001015187606102818,0.0008036809065018653,1.0306058755847703e-06,0.9999809206716515,0.22182030363477948,0.0033239981726871093
lstm,LSTM,dl,torch sequence network on lag windows,False,henon,0,henon,1500,0,minmax,train,"(0.6, 0.2, 0.2)",100,1,8,1,internal,1e-06,1.0,ok,8,17217.0,,640,299,0.8455519980368487,0.24516106305493188,0.19870992453783196,0.06010394683822428,0.28504181861589306,42.48192676987621,0.6325211541870311
lstm,LSTM,dl,torch sequence network on lag windows,False,henon,1,henon,1500,1,minmax,train,"(0.6, 0.2, 0.2)",100,1,8,1,internal,1e-06,1.0,ok,8,17217.0,,640,299,0.821112653327615,0.23807506983015972,0.19242770219215533,0.05667973887463543,0.325774010545284,41.62024771720137,0.6258403675773815
lstm,LSTM,dl,torch sequence network on lag windows,False,henon,2,henon,1500,2,minmax,train,"(0.6, 0.2, 0.2)",100,1,8,1,internal,1e-06,1.0,ok,8,17217.0,,640,299,0.7409715802503309,0.2148388043898246,0.1728674678311299,0.04615571187164932,0.45096111726132737,39.00999784920559,0.5520437194137148
lstm,LSTM,dl,torch sequence network on lag windows,False,henon,3,henon,1500,3,minmax,train,"(0.6, 0.2, 0.2)",100,1,8,1,internal,1e-06,1.0,ok,8,17217.0,,640,299,0.8623683657483322,0.2500368348518667,0.20221308056874499,0.06251841878273966,0.2563208017565506,42.84040323819762,0.6636321378974489
lstm,LSTM,dl,torch sequence network on lag windows,False,henon,4,henon,1500,4,minmax,train,"(0.6, 0.2, 0.2)",100,1,8,1,internal,1e-06,1.0,ok,8,17217.0,,640,299,0.849989584452751,0.24644770587009476,0.20189875537284965,0.060736471728632745,0.2775177063218396,43.04635041786058,0.6161522699622682
lstm,LSTM,dl,torch sequence network on lag windows,False,lorenz,0,lorenz,1500,0,minmax,train,"(0.6, 0.2, 0.2)",100,1,8,1,internal,1e-06,1.0,ok,8,17217.0,,640,299,0.13800029334495828,0.029606392822791806,0.023979079143462676,0.000876538495977458,0.9809559190367054,10.90268774984712,0.09699869177520676
lstm,LSTM,dl,torch sequence network on lag windows,False,lorenz,1,lorenz,1500,1,minmax,train,"(0.6, 0.2, 0.2)",100,1,8,1,internal,1e-06,1.0,ok,8,17217.0,,640,299,0.20119569875434531,0.043164248040309355,0.03563459890658965,0.00186315230888535,0.9595202908027507,13.977204425018597,0.11991465993806566
lstm,LSTM,dl,torch sequence network on lag windows,False,lorenz,2,lorenz,1500,2,minmax,train,"(0.6, 0.2, 0.2)",100,1,8,1,internal,1e-06,1.0,ok,8,17217.0,,640,299,0.1832823820833291,0.039321149759384236,0.03177953285739467,0.0015461528183999228,0.9664075684178606,12.90654125862818,0.10958998858213825
lstm,LSTM,dl,torch sequence network on lag windows,False,lorenz,3,lorenz,1500,3,minmax,train,"(0.6, 0.2, 0.2)",100,1,8,1,internal,1e-06,1.0,ok,8,17217.0,,640,299,0.13847486664112701,0.029708207123972,0.024338046588744146,0.0008825775705208206,0.9808247113087221,8.522831303042636,0.07336926617309297
lstm,LSTM,dl,torch sequence network on lag windows,False,lorenz,4,lorenz,1500,4,minmax,train,"(0.6, 0.2, 0.2)",100,1,8,1,internal,1e-06,1.0,ok,8,17217.0,,640,299,0.19363005010070525,0.04154112420071734,0.032346764445937454,0.0017256649998594236,0.9625074036979984,13.106066699388933,0.12393823423072542
lstm,LSTM,dl,torch sequence network on lag windows,False,mackeyglass,0,mackeyglass,1500,0,minmax,train,"(0.6, 0.2, 0.2)",100,1,8,1,internal,1e-06,1.0,ok,8,17217.0,,640,299,0.17681822812109102,0.04109526641004987,0.03469042345821964,0.0016888209213129727,0.9687353142041178,8.737907495452037,0.09082044649802212
lstm,LSTM,dl,torch sequence network on lag windows,False,mackeyglass,1,mackeyglass,1500,1,minmax,train,"(0.6, 0.2, 0.2)",100,1,8,1,internal,1e-06,1.0,ok,8,17217.0,,640,299,0.18816432166810393,0.04373227245847902,0.03711051611144861,0.001912511654382643,0.9645941880511824,9.441472245489425,0.09656567860327725
lstm,LSTM,dl,torch sequence network on lag windows,False,mackeyglass,2,mackeyglass,1500,2,minmax,train,"(0.6, 0.2, 0.2)",100,1,8,1,internal,1e-06,1.0,ok,8,17217.0,,640,299,0.16514772620487395,0.038382862884223955,0.03220929685533126,0.001473244163189137,0.97272622852936,8.059413529402384,0.08516181994162564
lstm,LSTM,dl,torch sequence network on lag windows,False,mackeyglass,3,mackeyglass,1500,3,minmax,train,"(0.6, 0.2, 0.2)",100,1,8,1,internal,1e-06,1.0,ok,8,17217.0,,640,299,0.17843856955133666,0.04147185859434426,0.0348835810480776,0.001719915055269286,0.9681596768964728,8.747097689762885,0.09129251528464322
lstm,LSTM,dl,torch sequence network on lag windows,False,mackeyglass,4,mackeyglass,1500,4,minmax,train,"(0.6, 0.2, 0.2)",100,1,8,1,internal,1e-06,1.0,ok,8,17217.0,,640,299,0.20630040493400847,0.04794737619165739,0.0408158780446401,0.0022989508836643137,0.9574401429240641,10.237743948331973,0.09777183819495205
mlp,MLP,dl,torch sequence network on lag windows,False,henon,0,henon,1500,0,minmax,train,"(0.6, 0.2, 0.2)",100,1,8,1,internal,1e-06,1.0,ok,8,4801.0,,640,299,0.0895360244482554,0.025960256715625504,0.019656279382091132,0.0006739349287411792,0.9919833003260015,7.396371036596482,0.07835170893865523
mlp,MLP,dl,torch sequence network on lag windows,False,henon,1,henon,1500,1,minmax,train,"(0.6, 0.2, 0.2)",100,1,8,1,internal,1e-06,1.0,ok,8,4801.0,,640,299,0.09159978081456696,0.026558626426567016,0.021223327211851255,0.000705360637665944,0.9916094801547233,8.632966924338838,0.0813998904724687
mlp,MLP,dl,torch sequence network on lag windows,False,henon,2,henon,1500,2,minmax,train,"(0.6, 0.2, 0.2)",100,1,8,1,internal,1e-06,1.0,ok,8,4801.0,,640,299,0.05751373492328189,0.01667564907514638,0.012253187541578208,0.00027807727207743025,0.9966921702951744,6.465528242988486,0.06815558613927286
mlp,MLP,dl,torch sequence network on lag windows,False,henon,3,henon,1500,3,minmax,train,"(0.6, 0.2, 0.2)",100,1,8,1,internal,1e-06,1.0,ok,8,4801.0,,640,299,0.1707781013505784,0.0495157494403864,0.03271101866570135,0.0024518094426431263,0.9708348400990916,12.709590047571574,0.2559531655808061
mlp,MLP,dl,torch sequence network on lag windows,False,henon,4,henon,1500,4,minmax,train,"(0.6, 0.2, 0.2)",100,1,8,1,internal,1e-06,1.0,ok,8,4801.0,,640,299,0.06984172779281873,0.020250052357554046,0.015100490249550524,0.00041006462048368014,0.9951221330589138,8.63395142999643,0.06890678347737711
mlp,MLP,dl,torch sequence network on lag windows,False,lorenz,0,lorenz,1500,0,minmax,train,"(0.6, 0.2, 0.2)",100,1,8,1,internal,1e-06,1.0,ok,8,4801.0,,640,299,0.061404917496509205,0.01317372640729384,0.010120641706660658,0.00017354706745423105,0.9962294361072469,5.04634524258163,0.0454112239308948
mlp,MLP,dl,torch sequence network on lag windows,False,lorenz,1,lorenz,1500,1,minmax,train,"(0.6, 0.2, 0.2)",100,1,8,1,internal,1e-06,1.0,ok,8,4801.0,,640,299,0.039614309477510976,0.008498799381991915,0.006002072032249277,7.222959093534615e-05,0.99843070648462,4.114263863302718,0.03233183951225526
mlp,MLP,dl,torch sequence network on lag windows,False,lorenz,2,lorenz,1500,2,minmax,train,"(0.6, 0.2, 0.2)",100,1,8,1,internal,1e-06,1.0,ok,8,4801.0,,640,299,0.047611811657119064,0.010214572482116714,0.007345003571037842,0.00010433749099241602,0.9977331153907271,4.102155673095144,0.0306035396819917
mlp,MLP,dl,torch sequence network on lag windows,False,lorenz,3,lorenz,1500,3,minmax,train,"(0.6, 0.2, 0.2)",100,1,8,1,internal,1e-06,1.0,ok,8,4801.0,,640,299,0.09751468456582436,0.020920666088945713,0.016767984987418865,0.0004376742696051631,0.9904908862940278,7.117371250341092,0.062287503279271794
mlp,MLP,dl,torch sequence network on lag windows,False,lorenz,4,lorenz,1500,4,minmax,train,"(0.6, 0.2, 0.2)",100,1,8,1,internal,1e-06,1.0,ok,8,4801.0,,640,299,0.04581762859432261,0.009829650919519962,0.007266823912235433,9.662203719961966e-05,0.9979007449099927,4.076053287237708,0.03013369555510137
mlp,MLP,dl,torch sequence network on lag windows,False,mackeyglass,0,mackeyglass,1500,0,minmax,train,"(0.6, 0.2, 0.2)",100,1,8,1,internal,1e-06,1.0,ok,8,4801.0,,640,299,0.0535177635741508,0.012438348552184435,0.009964365682276962,0.00015471251470562864,0.9971358489820213,2.1635460494274716,0.034088628158282286
mlp,MLP,dl,torch sequence network on lag windows,False,mackeyglass,1,mackeyglass,1500,1,minmax,train,"(0.6, 0.2, 0.2)",100,1,8,1,internal,1e-06,1.0,ok,8,4801.0,,640,299,0.05763641473843085,0.013395586211699029,0.010728157981330512,0.00017944172995506115,0.9966780436960996,2.2663574650099374,0.03470986891000161
mlp,MLP,dl,torch sequence network on lag windows,False,mackeyglass,2,mackeyglass,1500,2,minmax,train,"(0.6, 0.2, 0.2)",100,1,8,1,internal,1e-06,1.0,ok,8,4801.0,,640,299,0.06266168786790176,0.01456353671224043,0.011850720205318981,0.0002120966015687748,0.9960735128735456,2.771262487305982,0.03925836278591799
mlp,MLP,dl,torch sequence network on lag windows,False,mackeyglass,3,mackeyglass,1500,3,minmax,train,"(0.6, 0.2, 0.2)",100,1,8,1,internal,1e-06,1.0,ok,8,4801.0,,640,299,0.06340017402170402,0.014735172213586216,0.01148000489589947,0.00021712530016404328,0.9959804179340176,2.9081685605528724,0.03866493511407265
mlp,MLP,dl,torch sequence network on lag windows,False,mackeyglass,4,mackeyglass,1500,4,minmax,train,"(0.6, 0.2, 0.2)",100,1,8,1,internal,1e-06,1.0,ok,8,4801.0,,640,299,0.04937806357849663,0.011476218821630949,0.008910344545659987,0.00013170359844195644,0.9975618068372379,1.9072803827581273,0.029423859563031618
naive,Naive,statistical,persistence,True,henon,0,henon,1500,0,minmax,train,"(0.6, 0.2, 0.2)",100,1,1,1,internal,1e-06,1.0,ok,1,0.0,,0,299,1.5999111048714134,0.46388147408359964,0.392358115698,0.21518602199797335,-1.5597155434908676,76.97937886758338,0.9991134625414314
naive,Naive,statistical,persistence,True,henon,1,henon,1500,1,minmax,train,"(0.6, 0.2, 0.2)",100,1,1,1,internal,1e-06,1.0,ok,1,0.0,,0,299,1.5999111048714134,0.46388147408359964,0.392358115698,0.21518602199797335,-1.5597155434908676,76.97937886758338,0.9991134625414314
naive,Naive,statistical,persistence,True,henon,2,henon,1500,2,minmax,train,"(0.6, 0.2, 0.2)",100,1,1,1,internal,1e-06,1.0,ok,1,0.0,,0,299,1.5999111048714134,0.46388147408359964,0.392358115698,0.21518602199797335,-1.5597155434908676,76.97937886758338,0.9991134625414314
naive,Naive,statistical,persistence,True,henon,3,henon,1500,3,minmax,train,"(0.6, 0.2, 0.2)",100,1,1,1,internal,1e-06,1.0,ok,1,0.0,,0,299,1.5999111048714134,0.46388147408359964,0.392358115698,0.21518602199797335,-1.5597155434908676,76.97937886758338,0.9991134625414314
naive,Naive,statistical,persistence,True,henon,4,henon,1500,4,minmax,train,"(0.6, 0.2, 0.2)",100,1,1,1,internal,1e-06,1.0,ok,1,0.0,,0,299,1.5999111048714134,0.46388147408359964,0.392358115698,0.21518602199797335,-1.5597155434908676,76.97937886758338,0.9991134625414314
naive,Naive,statistical,persistence,True,lorenz,0,lorenz,1500,0,minmax,train,"(0.6, 0.2, 0.2)",100,1,1,1,internal,1e-06,1.0,ok,1,0.0,,0,299,0.28736669595742753,0.061651255069699505,0.050828679819660924,0.003800877251669149,0.9174203820545114,17.828431288215036,0.16042838855582064
naive,Naive,statistical,persistence,True,lorenz,1,lorenz,1500,1,minmax,train,"(0.6, 0.2, 0.2)",100,1,1,1,internal,1e-06,1.0,ok,1,0.0,,0,299,0.28736669595742753,0.061651255069699505,0.050828679819660924,0.003800877251669149,0.9174203820545114,17.828431288215036,0.16042838855582064
naive,Naive,statistical,persistence,True,lorenz,2,lorenz,1500,2,minmax,train,"(0.6, 0.2, 0.2)",100,1,1,1,internal,1e-06,1.0,ok,1,0.0,,0,299,0.28736669595742753,0.061651255069699505,0.050828679819660924,0.003800877251669149,0.9174203820545114,17.828431288215036,0.16042838855582064
naive,Naive,statistical,persistence,True,lorenz,3,lorenz,1500,3,minmax,train,"(0.6, 0.2, 0.2)",100,1,1,1,internal,1e-06,1.0,ok,1,0.0,,0,299,0.28736669595742753,0.061651255069699505,0.050828679819660924,0.003800877251669149,0.9174203820545114,17.828431288215036,0.16042838855582064
naive,Naive,statistical,persistence,True,lorenz,4,lorenz,1500,4,minmax,train,"(0.6, 0.2, 0.2)",100,1,1,1,internal,1e-06,1.0,ok,1,0.0,,0,299,0.28736669595742753,0.061651255069699505,0.050828679819660924,0.003800877251669149,0.9174203820545114,17.828431288215036,0.16042838855582064
naive,Naive,statistical,persistence,True,mackeyglass,0,mackeyglass,1500,0,minmax,train,"(0.6, 0.2, 0.2)",100,1,1,1,internal,1e-06,1.0,ok,1,0.0,,0,299,0.15067291030521437,0.035018693805312216,0.02918298437156332,0.0012263089158302124,0.9772976741001568,7.47900543157857,0.08447180678589675
naive,Naive,statistical,persistence,True,mackeyglass,1,mackeyglass,1500,1,minmax,train,"(0.6, 0.2, 0.2)",100,1,1,1,internal,1e-06,1.0,ok,1,0.0,,0,299,0.15067291030521437,0.035018693805312216,0.02918298437156332,0.0012263089158302124,0.9772976741001568,7.47900543157857,0.08447180678589675
naive,Naive,statistical,persistence,True,mackeyglass,2,mackeyglass,1500,2,minmax,train,"(0.6, 0.2, 0.2)",100,1,1,1,internal,1e-06,1.0,ok,1,0.0,,0,299,0.15067291030521437,0.035018693805312216,0.02918298437156332,0.0012263089158302124,0.9772976741001568,7.47900543157857,0.08447180678589675
naive,Naive,statistical,persistence,True,mackeyglass,3,mackeyglass,1500,3,minmax,train,"(0.6, 0.2, 0.2)",100,1,1,1,internal,1e-06,1.0,ok,1,0.0,,0,299,0.15067291030521437,0.035018693805312216,0.02918298437156332,0.0012263089158302124,0.9772976741001568,7.47900543157857,0.08447180678589675
naive,Naive,statistical,persistence,True,mackeyglass,4,mackeyglass,1500,4,minmax,train,"(0.6, 0.2, 0.2)",100,1,1,1,internal,1e-06,1.0,ok,1,0.0,,0,299,0.15067291030521437,0.035018693805312216,0.02918298437156332,0.0012263089158302124,0.9772976741001568,7.47900543157857,0.08447180678589675
ngrc,NG-RC,reservoir,explicit delay + polynomial features + ridge,True,henon,0,henon,1500,0,minmax,train,"(0.6, 0.2, 0.2)",100,1,3,1,internal,1e-06,1.0,ok,10,11.0,9.0,799,299,6.890140902417754e-07,1.9977414424622884e-07,1.5958222254991556e-07,3.990970870931305e-14,0.9999999999995253,0.00021894667018304591,6.517863044841476e-07
ngrc,NG-RC,reservoir,explicit delay + polynomial features + ridge,True,henon,1,henon,1500,1,minmax,train,"(0.6, 0.2, 0.2)",100,1,3,1,internal,1e-06,1.0,ok,10,11.0,9.0,799,299,6.890140902417754e-07,1.9977414424622884e-07,1.5958222254991556e-07,3.990970870931305e-14,0.9999999999995253,0.00021894667018304591,6.517863044841476e-07
ngrc,NG-RC,reservoir,explicit delay + polynomial features + ridge,True,henon,2,henon,1500,2,minmax,train,"(0.6, 0.2, 0.2)",100,1,3,1,internal,1e-06,1.0,ok,10,11.0,9.0,799,299,6.890140902417754e-07,1.9977414424622884e-07,1.5958222254991556e-07,3.990970870931305e-14,0.9999999999995253,0.00021894667018304591,6.517863044841476e-07
ngrc,NG-RC,reservoir,explicit delay + polynomial features + ridge,True,henon,3,henon,1500,3,minmax,train,"(0.6, 0.2, 0.2)",100,1,3,1,internal,1e-06,1.0,ok,10,11.0,9.0,799,299,6.890140902417754e-07,1.9977414424622884e-07,1.5958222254991556e-07,3.990970870931305e-14,0.9999999999995253,0.00021894667018304591,6.517863044841476e-07
ngrc,NG-RC,reservoir,explicit delay + polynomial features + ridge,True,henon,4,henon,1500,4,minmax,train,"(0.6, 0.2, 0.2)",100,1,3,1,internal,1e-06,1.0,ok,10,11.0,9.0,799,299,6.890140902417754e-07,1.9977414424622884e-07,1.5958222254991556e-07,3.990970870931305e-14,0.9999999999995253,0.00021894667018304591,6.517863044841476e-07
ngrc,NG-RC,reservoir,explicit delay + polynomial features + ridge,True,lorenz,0,lorenz,1500,0,minmax,train,"(0.6, 0.2, 0.2)",100,1,3,1,internal,1e-06,1.0,ok,10,11.0,10.0,799,299,0.08599194798077338,0.018448594055897116,0.014450913052585461,0.00034035062263928237,0.992605384882472,7.9173070978477496,0.0696684205049977
ngrc,NG-RC,reservoir,explicit delay + polynomial features + ridge,True,lorenz,1,lorenz,1500,1,minmax,train,"(0.6, 0.2, 0.2)",100,1,3,1,internal,1e-06,1.0,ok,10,11.0,10.0,799,299,0.08599194798077338,0.018448594055897116,0.014450913052585461,0.00034035062263928237,0.992605384882472,7.9173070978477496,0.0696684205049977
ngrc,NG-RC,reservoir,explicit delay + polynomial features + ridge,True,lorenz,2,lorenz,1500,2,minmax,train,"(0.6, 0.2, 0.2)",100,1,3,1,internal,1e-06,1.0,ok,10,11.0,10.0,799,299,0.08599194798077338,0.018448594055897116,0.014450913052585461,0.00034035062263928237,0.992605384882472,7.9173070978477496,0.0696684205049977
ngrc,NG-RC,reservoir,explicit delay + polynomial features + ridge,True,lorenz,3,lorenz,1500,3,minmax,train,"(0.6, 0.2, 0.2)",100,1,3,1,internal,1e-06,1.0,ok,10,11.0,10.0,799,299,0.08599194798077338,0.018448594055897116,0.014450913052585461,0.00034035062263928237,0.992605384882472,7.9173070978477496,0.0696684205049977
ngrc,NG-RC,reservoir,explicit delay + polynomial features + ridge,True,lorenz,4,lorenz,1500,4,minmax,train,"(0.6, 0.2, 0.2)",100,1,3,1,internal,1e-06,1.0,ok,10,11.0,10.0,799,299,0.08599194798077338,0.018448594055897116,0.014450913052585461,0.00034035062263928237,0.992605384882472,7.9173070978477496,0.0696684205049977
ngrc,NG-RC,reservoir,explicit delay + polynomial features + ridge,True,mackeyglass,0,mackeyglass,1500,0,minmax,train,"(0.6, 0.2, 0.2)",100,1,3,1,internal,1e-06,1.0,ok,10,11.0,10.0,799,299,0.010516151542810442,0.0024441148056539267,0.0019750553450798157,5.973697183216732e-06,0.9998894105567286,0.4451467068385605,0.006794903416937004
ngrc,NG-RC,reservoir,explicit delay + polynomial features + ridge,True,mackeyglass,1,mackeyglass,1500,1,minmax,train,"(0.6, 0.2, 0.2)",100,1,3,1,internal,1e-06,1.0,ok,10,11.0,10.0,799,299,0.010516151542810442,0.0024441148056539267,0.0019750553450798157,5.973697183216732e-06,0.9998894105567286,0.4451467068385605,0.006794903416937004
ngrc,NG-RC,reservoir,explicit delay + polynomial features + ridge,True,mackeyglass,2,mackeyglass,1500,2,minmax,train,"(0.6, 0.2, 0.2)",100,1,3,1,internal,1e-06,1.0,ok,10,11.0,10.0,799,299,0.010516151542810442,0.0024441148056539267,0.0019750553450798157,5.973697183216732e-06,0.9998894105567286,0.4451467068385605,0.006794903416937004
ngrc,NG-RC,reservoir,explicit delay + polynomial features + ridge,True,mackeyglass,3,mackeyglass,1500,3,minmax,train,"(0.6, 0.2, 0.2)",100,1,3,1,internal,1e-06,1.0,ok,10,11.0,10.0,799,299,0.010516151542810442,0.0024441148056539267,0.0019750553450798157,5.973697183216732e-06,0.9998894105567286,0.4451467068385605,0.006794903416937004
ngrc,NG-RC,reservoir,explicit delay + polynomial features + ridge,True,mackeyglass,4,mackeyglass,1500,4,minmax,train,"(0.6, 0.2, 0.2)",100,1,3,1,internal,1e-06,1.0,ok,10,11.0,10.0,799,299,0.010516151542810442,0.0024441148056539267,0.0019750553450798157,5.973697183216732e-06,0.9998894105567286,0.4451467068385605,0.006794903416937004
qngrc,qNG-RC,quantum,amplitude-encoded NVAR feature map + ridge,True,henon,0,henon,1500,0,minmax,train,"(0.6, 0.2, 0.2)",100,1,3,1,internal,1e-06,1.0,ok,11,12.0,10.0,799,299,0.2958129135304322,0.085768596744936,0.06255505948061915,0.007356252187595446,0.9124947201886371,20.970163471079115,0.4782167109828699
qngrc,qNG-RC,quantum,amplitude-encoded NVAR feature map + ridge,True,henon,1,henon,1500,1,minmax,train,"(0.6, 0.2, 0.2)",100,1,3,1,internal,1e-06,1.0,ok,11,12.0,10.0,799,299,0.2958129135304322,0.085768596744936,0.06255505948061915,0.007356252187595446,0.9124947201886371,20.970163471079115,0.4782167109828699
qngrc,qNG-RC,quantum,amplitude-encoded NVAR feature map + ridge,True,henon,2,henon,1500,2,minmax,train,"(0.6, 0.2, 0.2)",100,1,3,1,internal,1e-06,1.0,ok,11,12.0,10.0,799,299,0.2958129135304322,0.085768596744936,0.06255505948061915,0.007356252187595446,0.9124947201886371,20.970163471079115,0.4782167109828699
qngrc,qNG-RC,quantum,amplitude-encoded NVAR feature map + ridge,True,henon,3,henon,1500,3,minmax,train,"(0.6, 0.2, 0.2)",100,1,3,1,internal,1e-06,1.0,ok,11,12.0,10.0,799,299,0.2958129135304322,0.085768596744936,0.06255505948061915,0.007356252187595446,0.9124947201886371,20.970163471079115,0.4782167109828699
qngrc,qNG-RC,quantum,amplitude-encoded NVAR feature map + ridge,True,henon,4,henon,1500,4,minmax,train,"(0.6, 0.2, 0.2)",100,1,3,1,internal,1e-06,1.0,ok,11,12.0,10.0,799,299,0.2958129135304322,0.085768596744936,0.06255505948061915,0.007356252187595446,0.9124947201886371,20.970163471079115,0.4782167109828699
qngrc,qNG-RC,quantum,amplitude-encoded NVAR feature map + ridge,True,lorenz,0,lorenz,1500,0,minmax,train,"(0.6, 0.2, 0.2)",100,1,3,1,internal,1e-06,1.0,ok,11,12.0,10.0,799,299,0.2833354034439329,0.060786387127428114,0.04881494058518013,0.003694984860005558,0.9197210491552638,15.01544291761339,0.2425685337463574
qngrc,qNG-RC,quantum,amplitude-encoded NVAR feature map + ridge,True,lorenz,1,lorenz,1500,1,minmax,train,"(0.6, 0.2, 0.2)",100,1,3,1,internal,1e-06,1.0,ok,11,12.0,10.0,799,299,0.2833354034439329,0.060786387127428114,0.04881494058518013,0.003694984860005558,0.9197210491552638,15.01544291761339,0.2425685337463574
qngrc,qNG-RC,quantum,amplitude-encoded NVAR feature map + ridge,True,lorenz,2,lorenz,1500,2,minmax,train,"(0.6, 0.2, 0.2)",100,1,3,1,internal,1e-06,1.0,ok,11,12.0,10.0,799,299,0.2833354034439329,0.060786387127428114,0.04881494058518013,0.003694984860005558,0.9197210491552638,15.01544291761339,0.2425685337463574
qngrc,qNG-RC,quantum,amplitude-encoded NVAR feature map + ridge,True,lorenz,3,lorenz,1500,3,minmax,train,"(0.6, 0.2, 0.2)",100,1,3,1,internal,1e-06,1.0,ok,11,12.0,10.0,799,299,0.2833354034439329,0.060786387127428114,0.04881494058518013,0.003694984860005558,0.9197210491552638,15.01544291761339,0.2425685337463574
qngrc,qNG-RC,quantum,amplitude-encoded NVAR feature map + ridge,True,lorenz,4,lorenz,1500,4,minmax,train,"(0.6, 0.2, 0.2)",100,1,3,1,internal,1e-06,1.0,ok,11,12.0,10.0,799,299,0.2833354034439329,0.060786387127428114,0.04881494058518013,0.003694984860005558,0.9197210491552638,15.01544291761339,0.2425685337463574
qngrc,qNG-RC,quantum,amplitude-encoded NVAR feature map + ridge,True,mackeyglass,0,mackeyglass,1500,0,minmax,train,"(0.6, 0.2, 0.2)",100,1,3,1,internal,1e-06,1.0,ok,11,12.0,11.0,799,299,0.15780812029301014,0.03667702597194442,0.029783277881365693,0.0013452042341466858,0.9750965971695869,8.83780594473697,0.14555655861219993
qngrc,qNG-RC,quantum,amplitude-encoded NVAR feature map + ridge,True,mackeyglass,1,mackeyglass,1500,1,minmax,train,"(0.6, 0.2, 0.2)",100,1,3,1,internal,1e-06,1.0,ok,11,12.0,11.0,799,299,0.15780812029301014,0.03667702597194442,0.029783277881365693,0.0013452042341466858,0.9750965971695869,8.83780594473697,0.14555655861219993
qngrc,qNG-RC,quantum,amplitude-encoded NVAR feature map + ridge,True,mackeyglass,2,mackeyglass,1500,2,minmax,train,"(0.6, 0.2, 0.2)",100,1,3,1,internal,1e-06,1.0,ok,11,12.0,11.0,799,299,0.15780812029301014,0.03667702597194442,0.029783277881365693,0.0013452042341466858,0.9750965971695869,8.83780594473697,0.14555655861219993
qngrc,qNG-RC,quantum,amplitude-encoded NVAR feature map + ridge,True,mackeyglass,3,mackeyglass,1500,3,minmax,train,"(0.6, 0.2, 0.2)",100,1,3,1,internal,1e-06,1.0,ok,11,12.0,11.0,799,299,0.15780812029301014,0.03667702597194442,0.029783277881365693,0.0013452042341466858,0.9750965971695869,8.83780594473697,0.14555655861219993
qngrc,qNG-RC,quantum,amplitude-encoded NVAR feature map + ridge,True,mackeyglass,4,mackeyglass,1500,4,minmax,train,"(0.6, 0.2, 0.2)",100,1,3,1,internal,1e-06,1.0,ok,11,12.0,11.0,799,299,0.15780812029301014,0.03667702597194442,0.029783277881365693,0.0013452042341466858,0.9750965971695869,8.83780594473697,0.14555655861219993
qrc_rich,QRC-rich,quantum,gate-based quantum reservoir + ridge readout,False,henon,0,henon,1500,0,minmax,train,"(0.6, 0.2, 0.2)",100,1,5,1,internal,1e-06,1.0,ok,96,97.0,27.0,799,299,0.004389400700799065,0.0012726717510932611,0.0010245869536807527,1.6196933860307874e-06,0.9999807331614878,1.422467693270702,0.0037339687352818396
qrc_rich,QRC-rich,quantum,gate-based quantum reservoir + ridge readout,False,henon,1,henon,1500,1,minmax,train,"(0.6, 0.2, 0.2)",100,1,5,1,internal,1e-06,1.0,ok,96,97.0,27.0,799,299,0.004567031618203596,0.001324174419933764,0.0010814277234778588,1.7534378944069206e-06,0.9999791422221983,1.531613061392058,0.0038924970272672665
qrc_rich,QRC-rich,quantum,gate-based quantum reservoir + ridge readout,False,henon,2,henon,1500,2,minmax,train,"(0.6, 0.2, 0.2)",100,1,5,1,internal,1e-06,1.0,ok,96,97.0,27.0,799,299,0.004426614544408188,0.001283461608465433,0.0010183988730335135,1.6472737004046763e-06,0.9999804050836753,1.4280658354612397,0.0038641942467580737
qrc_rich,QRC-rich,quantum,gate-based quantum reservoir + ridge readout,False,henon,3,henon,1500,3,minmax,train,"(0.6, 0.2, 0.2)",100,1,5,1,internal,1e-06,1.0,ok,96,97.0,27.0,799,299,0.004386217051341267,0.0012717486773056283,0.0010114813166980702,1.6173446982286151e-06,0.9999807610999786,1.4143646599103352,0.0037658350084704695
qrc_rich,QRC-rich,quantum,gate-based quantum reservoir + ridge readout,False,henon,4,henon,1500,4,minmax,train,"(0.6, 0.2, 0.2)",100,1,5,1,internal,1e-06,1.0,ok,96,97.0,27.0,799,299,0.004386843810593769,0.0012719304011558229,0.0010238238153225288,1.6178069453844124e-06,0.9999807556013814,1.3997185359230595,0.0037170536830780365
qrc_rich,QRC-rich,quantum,gate-based quantum reservoir + ridge readout,False,lorenz,0,lorenz,1500,0,minmax,train,"(0.6, 0.2, 0.2)",100,1,5,1,internal,1e-06,1.0,ok,96,97.0,28.0,799,299,0.01327462181321126,0.0028479190764726867,0.0020023894421722366,8.11064306613704e-06,0.9998237844157162,2.4918186508023954,0.012639784455199365
qrc_rich,QRC-rich,quantum,gate-based quantum reservoir + ridge readout,False,lorenz,1,lorenz,1500,1,minmax,train,"(0.6, 0.2, 0.2)",100,1,5,1,internal,1e-06,1.0,ok,96,97.0,27.0,799,299,0.02547991976453791,0.005466426884734491,0.00421109892815876,2.9881822886148034e-05,0.9993507736887927,3.337015202660182,0.0139296528641778
qrc_rich,QRC-rich,quantum,gate-based quantum reservoir + ridge readout,False,lorenz,2,lorenz,1500,2,minmax,train,"(0.6, 0.2, 0.2)",100,1,5,1,internal,1e-06,1.0,ok,96,97.0,27.0,799,299,0.016617888865756113,0.0035651789841869078,0.002570487439098791,1.2710501189287992e-05,0.9997238457696453,2.502024509503735,0.01260816880726151
qrc_rich,QRC-rich,quantum,gate-based quantum reservoir + ridge readout,False,lorenz,3,lorenz,1500,3,minmax,train,"(0.6, 0.2, 0.2)",100,1,5,1,internal,1e-06,1.0,ok,96,97.0,27.0,799,299,0.013611677896165325,0.0029202306241757417,0.0020659713569018867,8.52774689837384e-06,0.999814722224851,2.7019729554360765,0.011024006403435538
qrc_rich,QRC-rich,quantum,gate-based quantum reservoir + ridge readout,False,lorenz,4,lorenz,1500,4,minmax,train,"(0.6, 0.2, 0.2)",100,1,5,1,internal,1e-06,1.0,ok,96,97.0,28.0,799,299,0.011721513611702815,0.0025147173825080366,0.0017034780299263078,6.32380351388807e-06,0.9998626061186506,2.5748530886267837,0.009912841551949214
qrc_rich,QRC-rich,quantum,gate-based quantum reservoir + ridge readout,False,mackeyglass,0,mackeyglass,1500,0,minmax,train,"(0.6, 0.2, 0.2)",100,1,5,1,internal,1e-06,1.0,ok,96,97.0,27.0,799,299,0.004520070388906503,0.0010505336401011793,0.0008334762699384428,1.1036209289842339e-06,0.9999795689636793,0.23303905170844702,0.0035846050991933387
qrc_rich,QRC-rich,quantum,gate-based quantum reservoir + ridge readout,False,mackeyglass,1,mackeyglass,1500,1,minmax,train,"(0.6, 0.2, 0.2)",100,1,5,1,internal,1e-06,1.0,ok,96,97.0,27.0,799,299,0.004619668760896657,0.0010736818283532388,0.0008139961042655702,1.1527926685359536e-06,0.9999786586605396,0.2221795354561503,0.0036518301822562327
qrc_rich,QRC-rich,quantum,gate-based quantum reservoir + ridge readout,False,mackeyglass,2,mackeyglass,1500,2,minmax,train,"(0.6, 0.2, 0.2)",100,1,5,1,internal,1e-06,1.0,ok,96,97.0,27.0,799,299,0.004581172612668992,0.0010647347334525182,0.0008598556465130751,1.133660052620205e-06,0.9999790128574929,0.2424098420730015,0.003334647142828051
qrc_rich,QRC-rich,quantum,gate-based quantum reservoir + ridge readout,False,mackeyglass,3,mackeyglass,1500,3,minmax,train,"(0.6, 0.2, 0.2)",100,1,5,1,internal,1e-06,1.0,ok,96,97.0,27.0,799,299,0.004745017038361798,0.001102814689321301,0.0008953231364427186,1.2162002389828374e-06,0.9999774848133056,0.24986909292075768,0.0034544931463520445
qrc_rich,QRC-rich,quantum,gate-based quantum reservoir + ridge readout,False,mackeyglass,4,mackeyglass,1500,4,minmax,train,"(0.6, 0.2, 0.2)",100,1,5,1,internal,1e-06,1.0,ok,96,97.0,28.0,799,299,0.004625138554276815,0.0010749530921734577,0.0008752410982838959,1.1555241503732782e-06,0.9999786080933537,0.24804896925763187,0.0036359899052443856
qrc_v4,QRC-v4,quantum,gate-based quantum reservoir + ridge readout,False,henon,0,henon,1500,0,minmax,train,"(0.6, 0.2, 0.2)",100,1,5,1,internal,1e-06,1.0,ok,16,17.0,11.0,799,299,0.5790808924645788,0.16789988968274894,0.1389144230835985,0.028190372955479263,0.6646653199824268,33.564358900037014,0.47270706314102273
qrc_v4,QRC-v4,quantum,gate-based quantum reservoir + ridge readout,False,henon,1,henon,1500,1,minmax,train,"(0.6, 0.2, 0.2)",100,1,5,1,internal,1e-06,1.0,ok,16,17.0,11.0,799,299,0.5491483303460706,0.1592211818493231,0.13026299050220255,0.025351384749495217,0.6984361112781229,36.923827710706334,0.44359348522392256
qrc_v4,QRC-v4,quantum,gate-based quantum reservoir + ridge readout,False,henon,2,henon,1500,2,minmax,train,"(0.6, 0.2, 0.2)",100,1,5,1,internal,1e-06,1.0,ok,16,17.0,11.0,799,299,0.6412975625930303,0.18593911733976223,0.15921156031157171,0.034573355357089865,0.5887374362122384,37.57167783677102,0.5003842279252474
qrc_v4,QRC-v4,quantum,gate-based quantum reservoir + ridge readout,False,henon,3,henon,1500,3,minmax,train,"(0.6, 0.2, 0.2)",100,1,5,1,internal,1e-06,1.0,ok,16,17.0,11.0,799,299,0.5782109448365765,0.16764765530121079,0.14348541376671586,0.028105736327993586,0.6656721032711935,34.29641969777435,0.4201736776708843
qrc_v4,QRC-v4,quantum,gate-based quantum reservoir + ridge readout,False,henon,4,henon,1500,4,minmax,train,"(0.6, 0.2, 0.2)",100,1,5,1,internal,1e-06,1.0,ok,16,17.0,11.0,799,299,0.4721802221969046,0.13690489230239192,0.10802133464650801,0.018742949536329528,0.7770458377660818,27.019903867246615,0.4160210638855988
qrc_v4,QRC-v4,quantum,gate-based quantum reservoir + ridge readout,False,lorenz,0,lorenz,1500,0,minmax,train,"(0.6, 0.2, 0.2)",100,1,5,1,internal,1e-06,1.0,ok,16,17.0,11.0,799,299,0.11263136023422232,0.02416377686186698,0.017968489610157436,0.000583888112230098,0.9873141766917889,7.685772360656933,0.08862143237468656
qrc_v4,QRC-v4,quantum,gate-based quantum reservoir + ridge readout,False,lorenz,1,lorenz,1500,1,minmax,train,"(0.6, 0.2, 0.2)",100,1,5,1,internal,1e-06,1.0,ok,16,17.0,11.0,799,299,0.11213771667149743,0.024057871251971334,0.01947026165570457,0.0005787811691764288,0.987425132499703,6.566458684186123,0.07749543787921376
qrc_v4,QRC-v4,quantum,gate-based quantum reservoir + ridge readout,False,lorenz,2,lorenz,1500,2,minmax,train,"(0.6, 0.2, 0.2)",100,1,5,1,internal,1e-06,1.0,ok,16,17.0,11.0,799,299,0.1083921260277828,0.023254297395255034,0.015460848855296501,0.0005407623473469651,0.9882511470151772,7.526747650928428,0.08440218603284344
qrc_v4,QRC-v4,quantum,gate-based quantum reservoir + ridge readout,False,lorenz,3,lorenz,1500,3,minmax,train,"(0.6, 0.2, 0.2)",100,1,5,1,internal,1e-06,1.0,ok,16,17.0,11.0,799,299,0.10991297591085179,0.023580578434021265,0.01735851797652258,0.0005560436792830287,0.9879191377264205,7.911846868704071,0.07786225246272832
qrc_v4,QRC-v4,quantum,gate-based quantum reservoir + ridge readout,False,lorenz,4,lorenz,1500,4,minmax,train,"(0.6, 0.2, 0.2)",100,1,5,1,internal,1e-06,1.0,ok,16,17.0,11.0,799,299,0.05303155544649779,0.011377316848363347,0.008540235125968833,0.00012944333866805248,0.997187654126925,4.891374609299718,0.04051163646097067
qrc_v4,QRC-v4,quantum,gate-based quantum reservoir + ridge readout,False,mackeyglass,0,mackeyglass,1500,0,minmax,train,"(0.6, 0.2, 0.2)",100,1,5,1,internal,1e-06,1.0,ok,16,17.0,11.0,799,299,0.03370951728289965,0.007834608501710812,0.006152745488204651,6.138109037507934e-05,0.9988636684445539,2.040771956557672,0.026068471005693122
qrc_v4,QRC-v4,quantum,gate-based quantum reservoir + ridge readout,False,mackeyglass,1,mackeyglass,1500,1,minmax,train,"(0.6, 0.2, 0.2)",100,1,5,1,internal,1e-06,1.0,ok,16,17.0,11.0,799,299,0.044189149221960565,0.010270235591696372,0.007129076418674142,0.00010547773910894692,0.9980473190910393,2.7997637929846038,0.04307664918570864
qrc_v4,QRC-v4,quantum,gate-based quantum reservoir + ridge readout,False,mackeyglass,2,mackeyglass,1500,2,minmax,train,"(0.6, 0.2, 0.2)",100,1,5,1,internal,1e-06,1.0,ok,16,17.0,11.0,799,299,0.04216363445329527,0.009799474913228391,0.007850231832501069,9.602970857499258e-05,0.9982222279296888,2.6105701281413927,0.03039537790609957
qrc_v4,QRC-v4,quantum,gate-based quantum reservoir + ridge readout,False,mackeyglass,3,mackeyglass,1500,3,minmax,train,"(0.6, 0.2, 0.2)",100,1,5,1,internal,1e-06,1.0,ok,16,17.0,11.0,799,299,0.03777808147124371,0.008780205180305986,0.006934048273447852,7.709200300827208e-05,0.998572816560352,2.3698584857867213,0.026304125040599632
qrc_v4,QRC-v4,quantum,gate-based quantum reservoir + ridge readout,False,mackeyglass,4,mackeyglass,1500,4,minmax,train,"(0.6, 0.2, 0.2)",100,1,5,1,internal,1e-06,1.0,ok,16,17.0,11.0,799,299,0.048498948952232175,0.011271899107791446,0.008259275421893657,0.0001270557094962296,0.9976478519505287,2.797739569327838,0.03751870943129787
qrc_v6,QRC-v6,quantum,gate-based quantum reservoir + ridge readout,False,henon,0,henon,1500,0,minmax,train,"(0.6, 0.2, 0.2)",100,1,5,1,internal,1e-06,1.0,ok,24,25.0,11.0,799,299,0.2825752575688657,0.08193044389871487,0.061154326450093326,0.006712597637440465,0.9201512238098892,16.80731228410684,0.30172026568729693
qrc_v6,QRC-v6,quantum,gate-based quantum reservoir + ridge readout,False,henon,1,henon,1500,1,minmax,train,"(0.6, 0.2, 0.2)",100,1,5,1,internal,1e-06,1.0,ok,24,25.0,11.0,799,299,0.32273471664483294,0.09357435899989602,0.0676508355290607,0.008756160662241422,0.8958423026721793,18.362892909116503,0.31354705503713404
qrc_v6,QRC-v6,quantum,gate-based quantum reservoir + ridge readout,False,henon,2,henon,1500,2,minmax,train,"(0.6, 0.2, 0.2)",100,1,5,1,internal,1e-06,1.0,ok,24,25.0,11.0,799,299,0.26151355965987194,0.07582377244492011,0.05799433729742084,0.005749244467779027,0.9316106581140225,16.32829013360172,0.23882844488053523
qrc_v6,QRC-v6,quantum,gate-based quantum reservoir + ridge readout,False,henon,3,henon,1500,3,minmax,train,"(0.6, 0.2, 0.2)",100,1,5,1,internal,1e-06,1.0,ok,24,25.0,11.0,799,299,0.24189505745239842,0.07013554408297834,0.053446776803068675,0.0049189945438153975,0.9414867811801009,15.102057299758428,0.23584640063353435
qrc_v6,QRC-v6,quantum,gate-based quantum reservoir + ridge readout,False,henon,4,henon,1500,4,minmax,train,"(0.6, 0.2, 0.2)",100,1,5,1,internal,1e-06,1.0,ok,24,25.0,11.0,799,299,0.2443134115782531,0.07083672658826996,0.05366138487645677,0.005017841833741313,0.940310956922995,15.183398608147828,0.24732798519248833
qrc_v6,QRC-v6,quantum,gate-based quantum reservoir + ridge readout,False,lorenz,0,lorenz,1500,0,minmax,train,"(0.6, 0.2, 0.2)",100,1,5,1,internal,1e-06,1.0,ok,24,25.0,11.0,799,299,0.16421691872632094,0.03523087151566231,0.02582265508456301,0.0012412143077531058,0.9730328036040329,10.049595025365994,0.14105690783452396
qrc_v6,QRC-v6,quantum,gate-based quantum reservoir + ridge readout,False,lorenz,1,lorenz,1500,1,minmax,train,"(0.6, 0.2, 0.2)",100,1,5,1,internal,1e-06,1.0,ok,24,25.0,11.0,799,299,0.1781541068730137,0.03822093666055802,0.02807073050991571,0.001460839999210388,0.9682611142042788,9.972181810648678,0.17669615534798588
qrc_v6,QRC-v6,quantum,gate-based quantum reservoir + ridge readout,False,lorenz,2,lorenz,1500,2,minmax,train,"(0.6, 0.2, 0.2)",100,1,5,1,internal,1e-06,1.0,ok,24,25.0,12.0,799,299,0.16563084415952536,0.03553421313025545,0.02613214961226147,0.0012626803027864185,0.972566423463003,9.869426557915304,0.1517294048135326
qrc_v6,QRC-v6,quantum,gate-based quantum reservoir + ridge readout,False,lorenz,3,lorenz,1500,3,minmax,train,"(0.6, 0.2, 0.2)",100,1,5,1,internal,1e-06,1.0,ok,24,25.0,12.0,799,299,0.15817236848588365,0.03393408203414904,0.024698907747283786,0.0011515219235003567,0.9749815018475658,9.784870862903997,0.13991104079531447
qrc_v6,QRC-v6,quantum,gate-based quantum reservoir + ridge readout,False,lorenz,4,lorenz,1500,4,minmax,train,"(0.6, 0.2, 0.2)",100,1,5,1,internal,1e-06,1.0,ok,24,25.0,11.0,799,299,0.08804921175561964,0.01888995659203279,0.010506400842728148,0.00035683046004888303,0.992247336309214,5.535018098646666,0.11645492550028813
qrc_v6,QRC-v6,quantum,gate-based quantum reservoir + ridge readout,False,mackeyglass,0,mackeyglass,1500,0,minmax,train,"(0.6, 0.2, 0.2)",100,1,5,1,internal,1e-06,1.0,ok,24,25.0,11.0,799,299,0.10771593296048171,0.02503483384409086,0.01846175379953343,0.0006267429056012371,0.988397277786453,6.169374835620156,0.09094756126099582
qrc_v6,QRC-v6,quantum,gate-based quantum reservoir + ridge readout,False,mackeyglass,1,mackeyglass,1500,1,minmax,train,"(0.6, 0.2, 0.2)",100,1,5,1,internal,1e-06,1.0,ok,24,25.0,11.0,799,299,0.12987478204478942,0.03018489001271217,0.021680292359704513,0.000911127585079531,0.9831325409888184,6.9047446099023855,0.1095126089170496
qrc_v6,QRC-v6,quantum,gate-based quantum reservoir + ridge readout,False,mackeyglass,2,mackeyglass,1500,2,minmax,train,"(0.6, 0.2, 0.2)",100,1,5,1,internal,1e-06,1.0,ok,24,25.0,11.0,799,299,0.10599719976055882,0.024635373904416214,0.017816737591172582,0.0006069016474103914,0.9887645936429201,6.065097242304088,0.09066677326752795
qrc_v6,QRC-v6,quantum,gate-based quantum reservoir + ridge readout,False,mackeyglass,3,mackeyglass,1500,3,minmax,train,"(0.6, 0.2, 0.2)",100,1,5,1,internal,1e-06,1.0,ok,24,25.0,12.0,799,299,0.10832210072769834,0.025175716524274108,0.018619416924039022,0.0006338167025106083,0.9882663224939384,6.204373808869498,0.09116346460315142
qrc_v6,QRC-v6,quantum,gate-based quantum reservoir + ridge readout,False,mackeyglass,4,mackeyglass,1500,4,minmax,train,"(0.6, 0.2, 0.2)",100,1,5,1,internal,1e-06,1.0,ok,24,25.0,11.0,799,299,0.097554407609651,0.02267313960101269,0.015845411198614157,0.0005140712593670099,0.9904831375559301,5.540996634282285,0.08844671846560373
random_forest,RandomForest,ml,tabular regressor on lag windows,False,henon,0,henon,1500,0,minmax,train,"(0.6, 0.2, 0.2)",100,1,4,1,internal,1e-06,1.0,ok,4,,4.0,799,299,0.01996141343566927,0.0057876527396655865,0.003700032474190062,3.349692423495857e-05,0.9996015419736503,2.0018167131334215,0.03178443690327376
random_forest,RandomForest,ml,tabular regressor on lag windows,False,henon,1,henon,1500,1,minmax,train,"(0.6, 0.2, 0.2)",100,1,4,1,internal,1e-06,1.0,ok,4,,4.0,799,299,0.01947875717927775,0.00564771040473907,0.0036188727729283975,3.1896632815797946e-05,0.9996205780187507,2.014815522318462,0.03124346024230923
random_forest,RandomForest,ml,tabular regressor on lag windows,False,henon,2,henon,1500,2,minmax,train,"(0.6, 0.2, 0.2)",100,1,4,1,internal,1e-06,1.0,ok,4,,4.0,799,299,0.019993017402889526,0.005796816058087706,0.0037407903257422248,3.3603076411303496e-05,0.9996002792551277,2.0444923616455863,0.031037819809029865
random_forest,RandomForest,ml,tabular regressor on lag windows,False,henon,3,henon,1500,3,minmax,train,"(0.6, 0.2, 0.2)",100,1,4,1,internal,1e-06,1.0,ok,4,,4.0,799,299,0.01980943579361063,0.00574358803356332,0.0037717576625810223,3.2988803499291756e-05,0.9996075862535388,2.1266348190177737,0.030676548203529996
random_forest,RandomForest,ml,tabular regressor on lag windows,False,henon,4,henon,1500,4,minmax,train,"(0.6, 0.2, 0.2)",100,1,4,1,internal,1e-06,1.0,ok,4,,4.0,799,299,0.019292086450421613,0.005593586714612546,0.0035788880465814233,3.128821233388997e-05,0.9996278154003895,2.021840878557086,0.03153566212582487
random_forest,RandomForest,ml,tabular regressor on lag windows,False,lorenz,0,lorenz,1500,0,minmax,train,"(0.6, 0.2, 0.2)",100,1,4,1,internal,1e-06,1.0,ok,4,,4.0,799,299,0.05527654361610428,0.01185895351753872,0.008924987112226695,0.000140634778531144,0.996944503725857,4.203584774979025,0.03560856294209486
random_forest,RandomForest,ml,tabular regressor on lag windows,False,lorenz,1,lorenz,1500,1,minmax,train,"(0.6, 0.2, 0.2)",100,1,4,1,internal,1e-06,1.0,ok,4,,4.0,799,299,0.05658195554431208,0.01213901479425984,0.009157760121615267,0.00014735568017525927,0.9967984823067815,4.242633082072796,0.03681239721846952
random_forest,RandomForest,ml,tabular regressor on lag windows,False,lorenz,2,lorenz,1500,2,minmax,train,"(0.6, 0.2, 0.2)",100,1,4,1,internal,1e-06,1.0,ok,4,,4.0,799,299,0.05633439336131583,0.01208590314456549,0.009221735012061973,0.000146069054819818,0.9968264361246125,4.3275863039221845,0.03534707865436798
random_forest,RandomForest,ml,tabular regressor on lag windows,False,lorenz,3,lorenz,1500,3,minmax,train,"(0.6, 0.2, 0.2)",100,1,4,1,internal,1e-06,1.0,ok,4,,4.0,799,299,0.05686232753947656,0.012199165415857433,0.009262041930810424,0.00014881963684345206,0.9967666757067933,4.22426155189278,0.03420435788643433
random_forest,RandomForest,ml,tabular regressor on lag windows,False,lorenz,4,lorenz,1500,4,minmax,train,"(0.6, 0.2, 0.2)",100,1,4,1,internal,1e-06,1.0,ok,4,,4.0,799,299,0.05584824872921134,0.0119816063449145,0.008964164785273511,0.0001435588906044954,0.9968809731138801,4.278477493597898,0.0373769873939116
random_forest,RandomForest,ml,tabular regressor on lag windows,False,mackeyglass,0,mackeyglass,1500,0,minmax,train,"(0.6, 0.2, 0.2)",100,1,4,1,internal,1e-06,1.0,ok,4,,4.0,799,299,0.05255611020322583,0.012214845568967004,0.009531202950467417,0.00014920245227371284,0.9972378552803064,2.390064141522512,0.0385716592232942
random_forest,RandomForest,ml,tabular regressor on lag windows,False,mackeyglass,1,mackeyglass,1500,1,minmax,train,"(0.6, 0.2, 0.2)",100,1,4,1,internal,1e-06,1.0,ok,4,,4.0,799,299,0.052675012337745734,0.012242480247510852,0.009541783151650648,0.00014987832261069336,0.9972253430752184,2.3722887345985204,0.038231435695520566
random_forest,RandomForest,ml,tabular regressor on lag windows,False,mackeyglass,2,mackeyglass,1500,2,minmax,train,"(0.6, 0.2, 0.2)",100,1,4,1,internal,1e-06,1.0,ok,4,,4.0,799,299,0.05221370534760209,0.012135265432283835,0.009447767096634672,0.00014726466711198298,0.9972737289738738,2.289873579119712,0.03936285096366654
random_forest,RandomForest,ml,tabular regressor on lag windows,False,mackeyglass,3,mackeyglass,1500,3,minmax,train,"(0.6, 0.2, 0.2)",100,1,4,1,internal,1e-06,1.0,ok,4,,4.0,799,299,0.052085750045054856,0.012105526658727321,0.009478245553474924,0.00014654377568515788,0.9972870746422441,2.4304821612884453,0.04065750764668652
random_forest,RandomForest,ml,tabular regressor on lag windows,False,mackeyglass,4,mackeyglass,1500,4,minmax,train,"(0.6, 0.2, 0.2)",100,1,4,1,internal,1e-06,1.0,ok,4,,4.0,799,299,0.05220645184825181,0.012133579607856273,0.009432328185994394,0.00014722375410018557,0.9972744863854162,2.314487512055713,0.03768631525267685
svr,SVR,ml,tabular regressor on lag windows,True,henon,0,henon,1500,0,minmax,train,"(0.6, 0.2, 0.2)",100,1,4,1,internal,1e-06,1.0,ok,4,,4.0,799,299,0.24723051017705888,0.07168251607866168,0.06572018222831488,0.00513838311136759,0.9388770748375912,19.212363552399854,0.10065274314665051
svr,SVR,ml,tabular regressor on lag windows,True,henon,1,henon,1500,1,minmax,train,"(0.6, 0.2, 0.2)",100,1,4,1,internal,1e-06,1.0,ok,4,,4.0,799,299,0.24723051017705888,0.07168251607866168,0.06572018222831488,0.00513838311136759,0.9388770748375912,19.212363552399854,0.10065274314665051
svr,SVR,ml,tabular regressor on lag windows,True,henon,2,henon,1500,2,minmax,train,"(0.6, 0.2, 0.2)",100,1,4,1,internal,1e-06,1.0,ok,4,,4.0,799,299,0.24723051017705888,0.07168251607866168,0.06572018222831488,0.00513838311136759,0.9388770748375912,19.212363552399854,0.10065274314665051
svr,SVR,ml,tabular regressor on lag windows,True,henon,3,henon,1500,3,minmax,train,"(0.6, 0.2, 0.2)",100,1,4,1,internal,1e-06,1.0,ok,4,,4.0,799,299,0.24723051017705888,0.07168251607866168,0.06572018222831488,0.00513838311136759,0.9388770748375912,19.212363552399854,0.10065274314665051
svr,SVR,ml,tabular regressor on lag windows,True,henon,4,henon,1500,4,minmax,train,"(0.6, 0.2, 0.2)",100,1,4,1,internal,1e-06,1.0,ok,4,,4.0,799,299,0.24723051017705888,0.07168251607866168,0.06572018222831488,0.00513838311136759,0.9388770748375912,19.212363552399854,0.10065274314665051
svr,SVR,ml,tabular regressor on lag windows,True,lorenz,0,lorenz,1500,0,minmax,train,"(0.6, 0.2, 0.2)",100,1,4,1,internal,1e-06,1.0,ok,4,,4.0,799,299,0.19263554480567877,0.04132776440476893,0.031966667323224306,0.0017079841106960858,0.9628915468774193,11.791965573229387,0.10237073391359341
svr,SVR,ml,tabular regressor on lag windows,True,lorenz,1,lorenz,1500,1,minmax,train,"(0.6, 0.2, 0.2)",100,1,4,1,internal,1e-06,1.0,ok,4,,4.0,799,299,0.19263554480567877,0.04132776440476893,0.031966667323224306,0.0017079841106960858,0.9628915468774193,11.791965573229387,0.10237073391359341
svr,SVR,ml,tabular regressor on lag windows,True,lorenz,2,lorenz,1500,2,minmax,train,"(0.6, 0.2, 0.2)",100,1,4,1,internal,1e-06,1.0,ok,4,,4.0,799,299,0.19263554480567877,0.04132776440476893,0.031966667323224306,0.0017079841106960858,0.9628915468774193,11.791965573229387,0.10237073391359341
svr,SVR,ml,tabular regressor on lag windows,True,lorenz,3,lorenz,1500,3,minmax,train,"(0.6, 0.2, 0.2)",100,1,4,1,internal,1e-06,1.0,ok,4,,4.0,799,299,0.19263554480567877,0.04132776440476893,0.031966667323224306,0.0017079841106960858,0.9628915468774193,11.791965573229387,0.10237073391359341
svr,SVR,ml,tabular regressor on lag windows,True,lorenz,4,lorenz,1500,4,minmax,train,"(0.6, 0.2, 0.2)",100,1,4,1,internal,1e-06,1.0,ok,4,,4.0,799,299,0.19263554480567877,0.04132776440476893,0.031966667323224306,0.0017079841106960858,0.9628915468774193,11.791965573229387,0.10237073391359341
svr,SVR,ml,tabular regressor on lag windows,True,mackeyglass,0,mackeyglass,1500,0,minmax,train,"(0.6, 0.2, 0.2)",100,1,4,1,internal,1e-06,1.0,ok,4,,4.0,799,299,0.26577751644795516,0.06177076854740476,0.05485539182578063,0.0038156278469370485,0.9293623117507569,13.218507479327716,0.10056086750482673
svr,SVR,ml,tabular regressor on lag windows,True,mackeyglass,1,mackeyglass,1500,1,minmax,train,"(0.6, 0.2, 0.2)",100,1,4,1,internal,1e-06,1.0,ok,4,,4.0,799,299,0.26577751644795516,0.06177076854740476,0.05485539182578063,0.0038156278469370485,0.9293623117507569,13.218507479327716,0.10056086750482673
svr,SVR,ml,tabular regressor on lag windows,True,mackeyglass,2,mackeyglass,1500,2,minmax,train,"(0.6, 0.2, 0.2)",100,1,4,1,internal,1e-06,1.0,ok,4,,4.0,799,299,0.26577751644795516,0.06177076854740476,0.05485539182578063,0.0038156278469370485,0.9293623117507569,13.218507479327716,0.10056086750482673
svr,SVR,ml,tabular regressor on lag windows,True,mackeyglass,3,mackeyglass,1500,3,minmax,train,"(0.6, 0.2, 0.2)",100,1,4,1,internal,1e-06,1.0,ok,4,,4.0,799,299,0.26577751644795516,0.06177076854740476,0.05485539182578063,0.0038156278469370485,0.9293623117507569,13.218507479327716,0.10056086750482673
svr,SVR,ml,tabular regressor on lag windows,True,mackeyglass,4,mackeyglass,1500,4,minmax,train,"(0.6, 0.2, 0.2)",100,1,4,1,internal,1e-06,1.0,ok,4,,4.0,799,299,0.26577751644795516,0.06177076854740476,0.05485539182578063,0.0038156278469370485,0.9293623117507569,13.218507479327716,0.10056086750482673
transformer,Transformer,dl,torch sequence network on lag windows,False,henon,0,henon,1500,0,minmax,train,"(0.6, 0.2, 0.2)",100,1,8,1,internal,1e-06,1.0,ok,8,8897.0,,640,299,0.06663786038478973,0.01932111653638269,0.014940731226506567,0.00037330554421248073,0.9955593955633373,8.245734319827633,0.05026071378265884
transformer,Transformer,dl,torch sequence network on lag windows,False,henon,1,henon,1500,1,minmax,train,"(0.6, 0.2, 0.2)",100,1,8,1,internal,1e-06,1.0,ok,8,8897.0,,640,299,0.28723525547113415,0.08328157315180204,0.07332716473290844,0.006935820426638954,0.9174959080144323,20.168994658048884,0.1892523882605731
transformer,Transformer,dl,torch sequence network on lag windows,False,henon,2,henon,1500,2,minmax,train,"(0.6, 0.2, 0.2)",100,1,8,1,internal,1e-06,1.0,ok,8,8897.0,,640,299,0.062298561586849495,0.018062971432727393,0.014489789661732418,0.0003262709369795259,0.9961188892242095,8.183041931410363,0.050825609090762475
transformer,Transformer,dl,torch sequence network on lag windows,False,henon,3,henon,1500,3,minmax,train,"(0.6, 0.2, 0.2)",100,1,8,1,internal,1e-06,1.0,ok,8,8897.0,,640,299,0.06409284659088436,0.018583210069776347,0.015136524869275064,0.000345335696497437,0.9958921070158774,7.7300142461313035,0.0485573148278009
transformer,Transformer,dl,torch sequence network on lag windows,False,henon,4,henon,1500,4,minmax,train,"(0.6, 0.2, 0.2)",100,1,8,1,internal,1e-06,1.0,ok,8,8897.0,,640,299,0.05381553495826189,0.015603385468746027,0.012193032695101365,0.00024346563808627468,0.9971038881971561,7.178869456377791,0.045875644124653725
transformer,Transformer,dl,torch sequence network on lag windows,False,lorenz,0,lorenz,1500,0,minmax,train,"(0.6, 0.2, 0.2)",100,1,8,1,internal,1e-06,1.0,ok,8,8897.0,,640,299,0.11927146310785862,0.02558833538486382,0.019952584481131425,0.000654762907768274,0.9857743180881107,8.541883865985291,0.08270107366725649
transformer,Transformer,dl,torch sequence network on lag windows,False,lorenz,1,lorenz,1500,1,minmax,train,"(0.6, 0.2, 0.2)",100,1,8,1,internal,1e-06,1.0,ok,8,8897.0,,640,299,0.18197486337071703,0.039040636496039366,0.03204848580424966,0.0015241712980158808,0.9668851491012089,11.74470127900469,0.11193179434636336
transformer,Transformer,dl,torch sequence network on lag windows,False,lorenz,2,lorenz,1500,2,minmax,train,"(0.6, 0.2, 0.2)",100,1,8,1,internal,1e-06,1.0,ok,8,8897.0,,640,299,0.08854254540929432,0.018995795714467738,0.01521274385151774,0.00036084025482579086,0.9921602176524431,6.219009510190077,0.06347911427066233
transformer,Transformer,dl,torch sequence network on lag windows,False,lorenz,3,lorenz,1500,3,minmax,train,"(0.6, 0.2, 0.2)",100,1,8,1,internal,1e-06,1.0,ok,8,8897.0,,640,299,0.08654224444858756,0.018566653902004657,0.014483641932575177,0.00034472063711682476,0.9925104399258009,7.066086252196631,0.06090293284077282
transformer,Transformer,dl,torch sequence network on lag windows,False,lorenz,4,lorenz,1500,4,minmax,train,"(0.6, 0.2, 0.2)",100,1,8,1,internal,1e-06,1.0,ok,8,8897.0,,640,299,0.10158835717411314,0.021794626198370734,0.016570893299642703,0.000475005731126708,0.9896798056866648,7.459769891516389,0.06223454662896544
transformer,Transformer,dl,torch sequence network on lag windows,False,mackeyglass,0,mackeyglass,1500,0,minmax,train,"(0.6, 0.2, 0.2)",100,1,8,1,internal,1e-06,1.0,ok,8,8897.0,,640,299,0.062159551246543376,0.014446832464899861,0.011887307394462523,0.0002087109682688846,0.9961361901888284,2.7436656148914023,0.0370363916718327
transformer,Transformer,dl,torch sequence network on lag windows,False,mackeyglass,1,mackeyglass,1500,1,minmax,train,"(0.6, 0.2, 0.2)",100,1,8,1,internal,1e-06,1.0,ok,8,8897.0,,640,299,0.07008664563686917,0.01628921070434786,0.01351099234308247,0.0002653383853706409,0.995087862103372,3.212617166790893,0.040742429670032165
transformer,Transformer,dl,torch sequence network on lag windows,False,mackeyglass,2,mackeyglass,1500,2,minmax,train,"(0.6, 0.2, 0.2)",100,1,8,1,internal,1e-06,1.0,ok,8,8897.0,,640,299,0.06437884795438993,0.014962631036240834,0.01233990125411707,0.00022388032752667744,0.9958553639360656,2.9392838802715557,0.036241861756976745
transformer,Transformer,dl,torch sequence network on lag windows,False,mackeyglass,3,mackeyglass,1500,3,minmax,train,"(0.6, 0.2, 0.2)",100,1,8,1,internal,1e-06,1.0,ok,8,8897.0,,640,299,0.0752657410955578,0.017492911871922794,0.014604372798397894,0.0003060019657588574,0.9943350682173364,3.591732191714677,0.04395761561460487
transformer,Transformer,dl,torch sequence network on lag windows,False,mackeyglass,4,mackeyglass,1500,4,minmax,train,"(0.6, 0.2, 0.2)",100,1,8,1,internal,1e-06,1.0,ok,8,8897.0,,640,299,0.05826473996976994,0.013541618626164539,0.011159988224215538,0.00018337543501648635,0.9966052200762551,2.5499353220839542,0.035481364904865975
xgboost,XGBoost,ml,tabular regressor on lag windows,False,henon,0,henon,1500,0,minmax,train,"(0.6, 0.2, 0.2)",100,1,4,1,internal,1e-06,1.0,ok,4,,4.0,799,299,0.029138596770970505,0.008448503908554205,0.005170849908775196,7.137721829285569e-05,0.9991509421782188,2.60323367136959,0.06132980943328037
xgboost,XGBoost,ml,tabular regressor on lag windows,False,henon,1,henon,1500,1,minmax,train,"(0.6, 0.2, 0.2)",100,1,4,1,internal,1e-06,1.0,ok,4,,4.0,799,299,0.026604234571273165,0.00771368578679872,0.004749587140233786,5.950094841746059e-05,0.9992922147028767,2.1539351973857634,0.06297442079192295
xgboost,XGBoost,ml,tabular regressor on lag windows,False,henon,2,henon,1500,2,minmax,train,"(0.6, 0.2, 0.2)",100,1,4,1,internal,1e-06,1.0,ok,4,,4.0,799,299,0.02812068433007435,0.008153368308749182,0.004984407235477176,6.647741477811551e-05,0.9992092271128084,2.3191533832640063,0.0710692083895792
xgboost,XGBoost,ml,tabular regressor on lag windows,False,henon,3,henon,1500,3,minmax,train,"(0.6, 0.2, 0.2)",100,1,4,1,internal,1e-06,1.0,ok,4,,4.0,799,299,0.027473285188879207,0.007965660087321344,0.0048384677979391695,6.345174062674427e-05,0.9992452186009305,2.333968770633472,0.06848969817763462
xgboost,XGBoost,ml,tabular regressor on lag windows,False,henon,4,henon,1500,4,minmax,train,"(0.6, 0.2, 0.2)",100,1,4,1,internal,1e-06,1.0,ok,4,,4.0,799,299,0.02796148879148516,0.008107210831072182,0.005177957219322809,6.572686745945408e-05,0.9992181551445637,2.4146976103213458,0.06164768100386753
xgboost,XGBoost,ml,tabular regressor on lag windows,False,lorenz,0,lorenz,1500,0,minmax,train,"(0.6, 0.2, 0.2)",100,1,4,1,internal,1e-06,1.0,ok,4,,4.0,799,299,0.052896508215602045,0.011348344001490223,0.008258297837970741,0.0001287849115761591,0.9972019594185968,3.310840154240856,0.046472208987694
xgboost,XGBoost,ml,tabular regressor on lag windows,False,lorenz,1,lorenz,1500,1,minmax,train,"(0.6, 0.2, 0.2)",100,1,4,1,internal,1e-06,1.0,ok,4,,4.0,799,299,0.05715719775868701,0.012262426466468862,0.00879534699128288,0.000150367102845556,0.9967330547443743,3.557645290979313,0.06365080405376455
xgboost,XGBoost,ml,tabular regressor on lag windows,False,lorenz,2,lorenz,1500,2,minmax,train,"(0.6, 0.2, 0.2)",100,1,4,1,internal,1e-06,1.0,ok,4,,4.0,799,299,0.052490459070420804,0.011261230777262907,0.008375627855315178,0.00012681531861877333,0.9972447517065764,3.4786817880736143,0.039484875689964505
xgboost,XGBoost,ml,tabular regressor on lag windows,False,lorenz,3,lorenz,1500,3,minmax,train,"(0.6, 0.2, 0.2)",100,1,4,1,internal,1e-06,1.0,ok,4,,4.0,799,299,0.05686914684474819,0.012200628420216023,0.008736962366741267,0.00014885533384818294,0.9967659001371505,3.4098568907939595,0.05028321076534292
xgboost,XGBoost,ml,tabular regressor on lag windows,False,lorenz,4,lorenz,1500,4,minmax,train,"(0.6, 0.2, 0.2)",100,1,4,1,internal,1e-06,1.0,ok,4,,4.0,799,299,0.05294366542800179,0.011358461044873924,0.008226644666849208,0.00012901463730791843,0.9971969682910478,3.357784122141788,0.04057994794018249
xgboost,XGBoost,ml,tabular regressor on lag windows,False,mackeyglass,0,mackeyglass,1500,0,minmax,train,"(0.6, 0.2, 0.2)",100,1,4,1,internal,1e-06,1.0,ok,4,,4.0,799,299,0.05852283323282739,0.013601603456443017,0.010405802718042598,0.00018500361658632263,0.9965750779904027,2.9372660471644068,0.048095579670165034
xgboost,XGBoost,ml,tabular regressor on lag windows,False,mackeyglass,1,mackeyglass,1500,1,minmax,train,"(0.6, 0.2, 0.2)",100,1,4,1,internal,1e-06,1.0,ok,4,,4.0,799,299,0.05596537251171846,0.013007210385185488,0.010096271136483986,0.00016918752200447722,0.9968678770796245,2.7908683411515174,0.04593789152929589
xgboost,XGBoost,ml,tabular regressor on lag windows,False,mackeyglass,2,mackeyglass,1500,2,minmax,train,"(0.6, 0.2, 0.2)",100,1,4,1,internal,1e-06,1.0,ok,4,,4.0,799,299,0.05558374952793702,0.012918515354399657,0.010095859725446672,0.00016688803896185972,0.9969104467884156,2.820342187277692,0.04100317828485772
xgboost,XGBoost,ml,tabular regressor on lag windows,False,mackeyglass,3,mackeyglass,1500,3,minmax,train,"(0.6, 0.2, 0.2)",100,1,4,1,internal,1e-06,1.0,ok,4,,4.0,799,299,0.0563781461645951,0.013103145308933271,0.010137267327383239,0.00017169241698702,0.9968215046350436,2.82768138814077,0.045712854192946406
xgboost,XGBoost,ml,tabular regressor on lag windows,False,mackeyglass,4,mackeyglass,1500,4,minmax,train,"(0.6, 0.2, 0.2)",100,1,4,1,internal,1e-06,1.0,ok,4,,4.0,799,299,0.058270173867604864,0.013542881547309853,0.01046259749046473,0.0001834096406044657,0.9966045868374391,3.0822580439518075,0.05534222297498986
